-- MySQL dump 10.13  Distrib 8.0.27, for Win64 (x86_64)
--
-- Host: localhost    Database: db_census
-- ------------------------------------------------------
-- Server version	8.0.27

/*!40101 SET @OLD_CHARACTER_SET_CLIENT=@@CHARACTER_SET_CLIENT */;
/*!40101 SET @OLD_CHARACTER_SET_RESULTS=@@CHARACTER_SET_RESULTS */;
/*!40101 SET @OLD_COLLATION_CONNECTION=@@COLLATION_CONNECTION */;
/*!50503 SET NAMES utf8mb4 */;
/*!40103 SET @OLD_TIME_ZONE=@@TIME_ZONE */;
/*!40103 SET TIME_ZONE='+00:00' */;
/*!40014 SET @OLD_UNIQUE_CHECKS=@@UNIQUE_CHECKS, UNIQUE_CHECKS=0 */;
/*!40014 SET @OLD_FOREIGN_KEY_CHECKS=@@FOREIGN_KEY_CHECKS, FOREIGN_KEY_CHECKS=0 */;
/*!40101 SET @OLD_SQL_MODE=@@SQL_MODE, SQL_MODE='NO_AUTO_VALUE_ON_ZERO' */;
/*!40111 SET @OLD_SQL_NOTES=@@SQL_NOTES, SQL_NOTES=0 */;

--
-- Table structure for table `addresses`
--

DROP TABLE IF EXISTS `addresses`;
/*!40101 SET @saved_cs_client     = @@character_set_client */;
/*!50503 SET character_set_client = utf8mb4 */;
CREATE TABLE `addresses` (
  `address_id` int unsigned NOT NULL AUTO_INCREMENT,
  `locality` int unsigned NOT NULL,
  `street_name` varchar(50) DEFAULT NULL,
  `house_number` smallint unsigned NOT NULL,
  `flat_number` smallint unsigned NOT NULL DEFAULT '0',
  `housing_type` smallint unsigned NOT NULL,
  PRIMARY KEY (`address_id`),
  UNIQUE KEY `address_locality_idx` (`address_id`,`locality`,`street_name`,`house_number`,`flat_number`,`housing_type`),
  KEY `house_number_idx` (`house_number`),
  KEY `locality` (`locality`),
  KEY `housing_type` (`housing_type`),
  FULLTEXT KEY `street_name_fulltext` (`street_name`),
  CONSTRAINT `addresses_ibfk_1` FOREIGN KEY (`locality`) REFERENCES `localities` (`locality_id`),
  CONSTRAINT `addresses_ibfk_2` FOREIGN KEY (`housing_type`) REFERENCES `housing_types` (`housing_type_id`)
) ENGINE=InnoDB AUTO_INCREMENT=801 DEFAULT CHARSET=utf8mb4 COLLATE=utf8mb4_0900_ai_ci COMMENT='Таблица addresses - таблица адресов';
/*!40101 SET character_set_client = @saved_cs_client */;

--
-- Dumping data for table `addresses`
--

LOCK TABLES `addresses` WRITE;
/*!40000 ALTER TABLE `addresses` DISABLE KEYS */;
INSERT INTO `addresses` VALUES (1,1,'Весенняя',1,1,2),(2,1,'Весенняя',1,2,2),(3,1,'Весенняя',1,3,2),(4,1,'Весенняя',1,4,2),(5,1,'Весенняя',1,5,2),(6,1,'Весенняя',1,6,2),(7,1,'Весенняя',1,7,2),(8,1,'Весенняя',1,8,2),(9,1,'Весенняя',1,9,2),(10,1,'Весенняя',1,10,2),(11,1,'Весенняя',1,11,2),(12,1,'Весенняя',1,12,2),(13,1,'Весенняя',1,13,2),(14,1,'Весенняя',1,14,2),(15,1,'Весенняя',1,15,2),(16,1,'Весенняя',1,16,2),(17,1,'Весенняя',1,17,2),(18,1,'Весенняя',1,18,2),(19,1,'Весенняя',1,19,2),(20,1,'Весенняя',1,20,2),(21,1,'Весенняя',2,1,2),(22,1,'Весенняя',2,2,2),(23,1,'Весенняя',2,3,2),(24,1,'Весенняя',2,4,2),(25,1,'Весенняя',2,5,2),(26,1,'Весенняя',2,6,2),(27,1,'Весенняя',2,7,2),(28,1,'Весенняя',2,8,2),(29,1,'Весенняя',2,9,2),(30,1,'Весенняя',2,10,2),(31,1,'Весенняя',2,11,2),(32,1,'Весенняя',2,12,2),(33,1,'Весенняя',2,13,2),(34,1,'Весенняя',2,14,2),(35,1,'Весенняя',2,15,2),(36,1,'Весенняя',2,16,2),(37,1,'Весенняя',2,17,2),(38,1,'Весенняя',2,18,2),(39,1,'Весенняя',2,19,2),(40,1,'Весенняя',2,20,2),(41,1,'Весенняя',3,1,2),(42,1,'Весенняя',3,2,2),(43,1,'Весенняя',3,3,2),(44,1,'Весенняя',3,4,2),(45,1,'Весенняя',3,5,2),(46,1,'Весенняя',3,6,2),(47,1,'Весенняя',3,7,2),(48,1,'Весенняя',3,8,2),(49,1,'Весенняя',3,9,2),(50,1,'Весенняя',3,10,2),(51,1,'Весенняя',3,11,2),(52,1,'Весенняя',3,12,2),(53,1,'Весенняя',3,13,2),(54,1,'Весенняя',3,14,2),(55,1,'Весенняя',3,15,2),(56,1,'Весенняя',3,16,2),(57,1,'Весенняя',3,17,2),(58,1,'Весенняя',3,18,2),(59,1,'Весенняя',3,19,2),(60,1,'Весенняя',3,20,2),(61,1,'Весенняя',4,1,2),(62,1,'Весенняя',4,2,2),(63,1,'Весенняя',4,3,2),(64,1,'Весенняя',4,4,2),(65,1,'Весенняя',4,5,2),(66,1,'Весенняя',4,6,2),(67,1,'Весенняя',4,7,2),(68,1,'Весенняя',4,8,2),(69,1,'Весенняя',4,9,2),(70,1,'Весенняя',4,10,2),(71,1,'Весенняя',4,11,2),(72,1,'Весенняя',4,12,2),(73,1,'Весенняя',4,13,2),(74,1,'Весенняя',4,14,2),(75,1,'Весенняя',4,15,2),(76,1,'Весенняя',4,16,2),(77,1,'Весенняя',4,17,2),(78,1,'Весенняя',4,18,2),(79,1,'Весенняя',4,19,2),(80,1,'Весенняя',4,20,2),(81,1,'Весенняя',5,1,2),(82,1,'Весенняя',5,2,2),(83,1,'Весенняя',5,3,2),(84,1,'Весенняя',5,4,2),(85,1,'Весенняя',5,5,2),(86,1,'Весенняя',5,6,2),(87,1,'Весенняя',5,7,2),(88,1,'Весенняя',5,8,2),(89,1,'Весенняя',5,9,2),(90,1,'Весенняя',5,10,2),(91,1,'Весенняя',5,11,2),(92,1,'Весенняя',5,12,2),(93,1,'Весенняя',5,13,2),(94,1,'Весенняя',5,14,2),(95,1,'Весенняя',5,15,2),(96,1,'Весенняя',5,16,2),(97,1,'Весенняя',5,17,2),(98,1,'Весенняя',5,18,2),(99,1,'Весенняя',5,19,2),(100,1,'Весенняя',5,20,2),(101,1,'Утренняя',1,1,2),(102,1,'Утренняя',1,2,2),(103,1,'Утренняя',1,3,2),(104,1,'Утренняя',1,4,2),(105,1,'Утренняя',1,5,2),(106,1,'Утренняя',1,6,2),(107,1,'Утренняя',1,7,2),(108,1,'Утренняя',1,8,2),(109,1,'Утренняя',1,9,2),(110,1,'Утренняя',1,10,2),(111,1,'Утренняя',1,11,2),(112,1,'Утренняя',1,12,2),(113,1,'Утренняя',1,13,2),(114,1,'Утренняя',1,14,2),(115,1,'Утренняя',1,15,2),(116,1,'Утренняя',1,16,2),(117,1,'Утренняя',1,17,2),(118,1,'Утренняя',1,18,2),(119,1,'Утренняя',1,19,2),(120,1,'Утренняя',1,20,2),(121,1,'Утренняя',2,1,2),(122,1,'Утренняя',2,2,2),(123,1,'Утренняя',2,3,2),(124,1,'Утренняя',2,4,2),(125,1,'Утренняя',2,5,2),(126,1,'Утренняя',2,6,2),(127,1,'Утренняя',2,7,2),(128,1,'Утренняя',2,8,2),(129,1,'Утренняя',2,9,2),(130,1,'Утренняя',2,10,2),(131,1,'Утренняя',2,11,2),(132,1,'Утренняя',2,12,2),(133,1,'Утренняя',2,13,2),(134,1,'Утренняя',2,14,2),(135,1,'Утренняя',2,15,2),(136,1,'Утренняя',2,16,2),(137,1,'Утренняя',2,17,2),(138,1,'Утренняя',2,18,2),(139,1,'Утренняя',2,19,2),(140,1,'Утренняя',2,20,2),(141,1,'Утренняя',3,1,2),(142,1,'Утренняя',3,2,2),(143,1,'Утренняя',3,3,2),(144,1,'Утренняя',3,4,2),(145,1,'Утренняя',3,5,2),(146,1,'Утренняя',3,6,2),(147,1,'Утренняя',3,7,2),(148,1,'Утренняя',3,8,2),(149,1,'Утренняя',3,9,2),(150,1,'Утренняя',3,10,2),(151,1,'Утренняя',3,11,2),(152,1,'Утренняя',3,12,2),(153,1,'Утренняя',3,13,2),(154,1,'Утренняя',3,14,2),(155,1,'Утренняя',3,15,2),(156,1,'Утренняя',3,16,2),(157,1,'Утренняя',3,17,2),(158,1,'Утренняя',3,18,2),(159,1,'Утренняя',3,19,2),(160,1,'Утренняя',3,20,2),(161,1,'Утренняя',4,1,2),(162,1,'Утренняя',4,2,2),(163,1,'Утренняя',4,3,2),(164,1,'Утренняя',4,4,2),(165,1,'Утренняя',4,5,2),(166,1,'Утренняя',4,6,2),(167,1,'Утренняя',4,7,2),(168,1,'Утренняя',4,8,2),(169,1,'Утренняя',4,9,2),(170,1,'Утренняя',4,10,2),(171,1,'Утренняя',4,11,2),(172,1,'Утренняя',4,12,2),(173,1,'Утренняя',4,13,2),(174,1,'Утренняя',4,14,2),(175,1,'Утренняя',4,15,2),(176,1,'Утренняя',4,16,2),(177,1,'Утренняя',4,17,2),(178,1,'Утренняя',4,18,2),(179,1,'Утренняя',4,19,2),(180,1,'Утренняя',4,20,2),(181,1,'Утренняя',5,1,2),(182,1,'Утренняя',5,2,2),(183,1,'Утренняя',5,3,2),(184,1,'Утренняя',5,4,2),(185,1,'Утренняя',5,5,2),(186,1,'Утренняя',5,6,2),(187,1,'Утренняя',5,7,2),(188,1,'Утренняя',5,8,2),(189,1,'Утренняя',5,9,2),(190,1,'Утренняя',5,10,2),(191,1,'Утренняя',5,11,2),(192,1,'Утренняя',5,12,2),(193,1,'Утренняя',5,13,2),(194,1,'Утренняя',5,14,2),(195,1,'Утренняя',5,15,2),(196,1,'Утренняя',5,16,2),(197,1,'Утренняя',5,17,2),(198,1,'Утренняя',5,18,2),(199,1,'Утренняя',5,19,2),(200,1,'Утренняя',5,20,2),(201,1,'Берёзовая',1,1,2),(202,1,'Берёзовая',1,2,2),(203,1,'Берёзовая',1,3,2),(204,1,'Берёзовая',1,4,2),(205,1,'Берёзовая',1,5,2),(206,1,'Берёзовая',1,6,2),(207,1,'Берёзовая',1,7,2),(208,1,'Берёзовая',1,8,2),(209,1,'Берёзовая',1,9,2),(210,1,'Берёзовая',1,10,2),(211,1,'Берёзовая',1,11,2),(212,1,'Берёзовая',1,12,2),(213,1,'Берёзовая',1,13,2),(214,1,'Берёзовая',1,14,2),(215,1,'Берёзовая',1,15,2),(216,1,'Берёзовая',1,16,2),(217,1,'Берёзовая',1,17,2),(218,1,'Берёзовая',1,18,2),(219,1,'Берёзовая',1,19,2),(220,1,'Берёзовая',1,20,2),(221,1,'Берёзовая',2,1,2),(222,1,'Берёзовая',2,2,2),(223,1,'Берёзовая',2,3,2),(224,1,'Берёзовая',2,4,2),(225,1,'Берёзовая',2,5,2),(226,1,'Берёзовая',2,6,2),(227,1,'Берёзовая',2,7,2),(228,1,'Берёзовая',2,8,2),(229,1,'Берёзовая',2,9,2),(230,1,'Берёзовая',2,10,2),(231,1,'Берёзовая',2,11,2),(232,1,'Берёзовая',2,12,2),(233,1,'Берёзовая',2,13,2),(234,1,'Берёзовая',2,14,2),(235,1,'Берёзовая',2,15,2),(236,1,'Берёзовая',2,16,2),(237,1,'Берёзовая',2,17,2),(238,1,'Берёзовая',2,18,2),(239,1,'Берёзовая',2,19,2),(240,1,'Берёзовая',2,20,2),(241,1,'Берёзовая',3,1,2),(242,1,'Берёзовая',3,2,2),(243,1,'Берёзовая',3,3,2),(244,1,'Берёзовая',3,4,2),(245,1,'Берёзовая',3,5,2),(246,1,'Берёзовая',3,6,2),(247,1,'Берёзовая',3,7,2),(248,1,'Берёзовая',3,8,2),(249,1,'Берёзовая',3,9,2),(250,1,'Берёзовая',3,10,2),(251,1,'Берёзовая',3,11,2),(252,1,'Берёзовая',3,12,2),(253,1,'Берёзовая',3,13,2),(254,1,'Берёзовая',3,14,2),(255,1,'Берёзовая',3,15,2),(256,1,'Берёзовая',3,16,2),(257,1,'Берёзовая',3,17,2),(258,1,'Берёзовая',3,18,2),(259,1,'Берёзовая',3,19,2),(260,1,'Берёзовая',3,20,2),(261,1,'Берёзовая',4,1,2),(262,1,'Берёзовая',4,2,2),(263,1,'Берёзовая',4,3,2),(264,1,'Берёзовая',4,4,2),(265,1,'Берёзовая',4,5,2),(266,1,'Берёзовая',4,6,2),(267,1,'Берёзовая',4,7,2),(268,1,'Берёзовая',4,8,2),(269,1,'Берёзовая',4,9,2),(270,1,'Берёзовая',4,10,2),(271,1,'Берёзовая',4,11,2),(272,1,'Берёзовая',4,12,2),(273,1,'Берёзовая',4,13,2),(274,1,'Берёзовая',4,14,2),(275,1,'Берёзовая',4,15,2),(276,1,'Берёзовая',4,16,2),(277,1,'Берёзовая',4,17,2),(278,1,'Берёзовая',4,18,2),(279,1,'Берёзовая',4,19,2),(280,1,'Берёзовая',4,20,2),(281,1,'Берёзовая',5,1,2),(282,1,'Берёзовая',5,2,2),(283,1,'Берёзовая',5,3,2),(284,1,'Берёзовая',5,4,2),(285,1,'Берёзовая',5,5,2),(286,1,'Берёзовая',5,6,2),(287,1,'Берёзовая',5,7,2),(288,1,'Берёзовая',5,8,2),(289,1,'Берёзовая',5,9,2),(290,1,'Берёзовая',5,10,2),(291,1,'Берёзовая',5,11,2),(292,1,'Берёзовая',5,12,2),(293,1,'Берёзовая',5,13,2),(294,1,'Берёзовая',5,14,2),(295,1,'Берёзовая',5,15,2),(296,1,'Берёзовая',5,16,2),(297,1,'Берёзовая',5,17,2),(298,1,'Берёзовая',5,18,2),(299,1,'Берёзовая',5,19,2),(300,1,'Берёзовая',5,20,2),(301,1,'Ромашковая',1,1,2),(302,1,'Ромашковая',1,2,2),(303,1,'Ромашковая',1,3,2),(304,1,'Ромашковая',1,4,2),(305,1,'Ромашковая',1,5,2),(306,1,'Ромашковая',1,6,2),(307,1,'Ромашковая',1,7,2),(308,1,'Ромашковая',1,8,2),(309,1,'Ромашковая',1,9,2),(310,1,'Ромашковая',1,10,2),(311,1,'Ромашковая',1,11,2),(312,1,'Ромашковая',1,12,2),(313,1,'Ромашковая',1,13,2),(314,1,'Ромашковая',1,14,2),(315,1,'Ромашковая',1,15,2),(316,1,'Ромашковая',1,16,2),(317,1,'Ромашковая',1,17,2),(318,1,'Ромашковая',1,18,2),(319,1,'Ромашковая',1,19,2),(320,1,'Ромашковая',1,20,2),(321,1,'Ромашковая',2,1,2),(322,1,'Ромашковая',2,2,2),(323,1,'Ромашковая',2,3,2),(324,1,'Ромашковая',2,4,2),(325,1,'Ромашковая',2,5,2),(326,1,'Ромашковая',2,6,2),(327,1,'Ромашковая',2,7,2),(328,1,'Ромашковая',2,8,2),(329,1,'Ромашковая',2,9,2),(330,1,'Ромашковая',2,10,2),(331,1,'Ромашковая',2,11,2),(332,1,'Ромашковая',2,12,2),(333,1,'Ромашковая',2,13,2),(334,1,'Ромашковая',2,14,2),(335,1,'Ромашковая',2,15,2),(336,1,'Ромашковая',2,16,2),(337,1,'Ромашковая',2,17,2),(338,1,'Ромашковая',2,18,2),(339,1,'Ромашковая',2,19,2),(340,1,'Ромашковая',2,20,2),(341,1,'Ромашковая',3,1,2),(342,1,'Ромашковая',3,2,2),(343,1,'Ромашковая',3,3,2),(344,1,'Ромашковая',3,4,2),(345,1,'Ромашковая',3,5,2),(346,1,'Ромашковая',3,6,2),(347,1,'Ромашковая',3,7,2),(348,1,'Ромашковая',3,8,2),(349,1,'Ромашковая',3,9,2),(350,1,'Ромашковая',3,10,2),(351,1,'Ромашковая',3,11,2),(352,1,'Ромашковая',3,12,2),(353,1,'Ромашковая',3,13,2),(354,1,'Ромашковая',3,14,2),(355,1,'Ромашковая',3,15,2),(356,1,'Ромашковая',3,16,2),(357,1,'Ромашковая',3,17,2),(358,1,'Ромашковая',3,18,2),(359,1,'Ромашковая',3,19,2),(360,1,'Ромашковая',3,20,2),(361,1,'Ромашковая',4,1,2),(362,1,'Ромашковая',4,2,2),(363,1,'Ромашковая',4,3,2),(364,1,'Ромашковая',4,4,2),(365,1,'Ромашковая',4,5,2),(366,1,'Ромашковая',4,6,2),(367,1,'Ромашковая',4,7,2),(368,1,'Ромашковая',4,8,2),(369,1,'Ромашковая',4,9,2),(370,1,'Ромашковая',4,10,2),(371,1,'Ромашковая',4,11,2),(372,1,'Ромашковая',4,12,2),(373,1,'Ромашковая',4,13,2),(374,1,'Ромашковая',4,14,2),(375,1,'Ромашковая',4,15,2),(376,1,'Ромашковая',4,16,2),(377,1,'Ромашковая',4,17,2),(378,1,'Ромашковая',4,18,2),(379,1,'Ромашковая',4,19,2),(380,1,'Ромашковая',4,20,2),(381,1,'Ромашковая',5,1,2),(382,1,'Ромашковая',5,2,2),(383,1,'Ромашковая',5,3,2),(384,1,'Ромашковая',5,4,2),(385,1,'Ромашковая',5,5,2),(386,1,'Ромашковая',5,6,2),(387,1,'Ромашковая',5,7,2),(388,1,'Ромашковая',5,8,2),(389,1,'Ромашковая',5,9,2),(390,1,'Ромашковая',5,10,2),(391,1,'Ромашковая',5,11,2),(392,1,'Ромашковая',5,12,2),(393,1,'Ромашковая',5,13,2),(394,1,'Ромашковая',5,14,2),(395,1,'Ромашковая',5,15,2),(396,1,'Ромашковая',5,16,2),(397,1,'Ромашковая',5,17,2),(398,1,'Ромашковая',5,18,2),(399,1,'Ромашковая',5,19,2),(400,1,'Ромашковая',5,20,2),(401,2,'Малиновая',1,1,2),(402,2,'Малиновая',1,2,2),(403,2,'Малиновая',1,3,2),(404,2,'Малиновая',1,4,2),(405,2,'Малиновая',1,5,2),(406,2,'Малиновая',1,6,2),(407,2,'Малиновая',1,7,2),(408,2,'Малиновая',1,8,2),(409,2,'Малиновая',1,9,2),(410,2,'Малиновая',1,10,2),(411,2,'Малиновая',1,11,2),(412,2,'Малиновая',1,12,2),(413,2,'Малиновая',1,13,2),(414,2,'Малиновая',1,14,2),(415,2,'Малиновая',1,15,2),(416,2,'Малиновая',1,16,2),(417,2,'Малиновая',1,17,2),(418,2,'Малиновая',1,18,2),(419,2,'Малиновая',1,19,2),(420,2,'Малиновая',1,20,2),(421,2,'Малиновая',2,1,2),(422,2,'Малиновая',2,2,2),(423,2,'Малиновая',2,3,2),(424,2,'Малиновая',2,4,2),(425,2,'Малиновая',2,5,2),(426,2,'Малиновая',2,6,2),(427,2,'Малиновая',2,7,2),(428,2,'Малиновая',2,8,2),(429,2,'Малиновая',2,9,2),(430,2,'Малиновая',2,10,2),(431,2,'Малиновая',2,11,2),(432,2,'Малиновая',2,12,2),(433,2,'Малиновая',2,13,2),(434,2,'Малиновая',2,14,2),(435,2,'Малиновая',2,15,2),(436,2,'Малиновая',2,16,2),(437,2,'Малиновая',2,17,2),(438,2,'Малиновая',2,18,2),(439,2,'Малиновая',2,19,2),(440,2,'Малиновая',2,20,2),(441,2,'Малиновая',3,1,2),(442,2,'Малиновая',3,2,2),(443,2,'Малиновая',3,3,2),(444,2,'Малиновая',3,4,2),(445,2,'Малиновая',3,5,2),(446,2,'Малиновая',3,6,2),(447,2,'Малиновая',3,7,2),(448,2,'Малиновая',3,8,2),(449,2,'Малиновая',3,9,2),(450,2,'Малиновая',3,10,2),(451,2,'Малиновая',3,11,2),(452,2,'Малиновая',3,12,2),(453,2,'Малиновая',3,13,2),(454,2,'Малиновая',3,14,2),(455,2,'Малиновая',3,15,2),(456,2,'Малиновая',3,16,2),(457,2,'Малиновая',3,17,2),(458,2,'Малиновая',3,18,2),(459,2,'Малиновая',3,19,2),(460,2,'Малиновая',3,20,2),(461,2,'Малиновая',4,1,2),(462,2,'Малиновая',4,2,2),(463,2,'Малиновая',4,3,2),(464,2,'Малиновая',4,4,2),(465,2,'Малиновая',4,5,2),(466,2,'Малиновая',4,6,2),(467,2,'Малиновая',4,7,2),(468,2,'Малиновая',4,8,2),(469,2,'Малиновая',4,9,2),(470,2,'Малиновая',4,10,2),(471,2,'Малиновая',4,11,2),(472,2,'Малиновая',4,12,2),(473,2,'Малиновая',4,13,2),(474,2,'Малиновая',4,14,2),(475,2,'Малиновая',4,15,2),(476,2,'Малиновая',4,16,2),(477,2,'Малиновая',4,17,2),(478,2,'Малиновая',4,18,2),(479,2,'Малиновая',4,19,2),(480,2,'Малиновая',4,20,2),(481,2,'Малиновая',5,1,2),(482,2,'Малиновая',5,2,2),(483,2,'Малиновая',5,3,2),(484,2,'Малиновая',5,4,2),(485,2,'Малиновая',5,5,2),(486,2,'Малиновая',5,6,2),(487,2,'Малиновая',5,7,2),(488,2,'Малиновая',5,8,2),(489,2,'Малиновая',5,9,2),(490,2,'Малиновая',5,10,2),(491,2,'Малиновая',5,11,2),(492,2,'Малиновая',5,12,2),(493,2,'Малиновая',5,13,2),(494,2,'Малиновая',5,14,2),(495,2,'Малиновая',5,15,2),(496,2,'Малиновая',5,16,2),(497,2,'Малиновая',5,17,2),(498,2,'Малиновая',5,18,2),(499,2,'Малиновая',5,19,2),(500,2,'Малиновая',5,20,2),(501,2,'Лиственная',1,1,2),(502,2,'Лиственная',1,2,2),(503,2,'Лиственная',1,3,2),(504,2,'Лиственная',1,4,2),(505,2,'Лиственная',1,5,2),(506,2,'Лиственная',1,6,2),(507,2,'Лиственная',1,7,2),(508,2,'Лиственная',1,8,2),(509,2,'Лиственная',1,9,2),(510,2,'Лиственная',1,10,2),(511,2,'Лиственная',1,11,2),(512,2,'Лиственная',1,12,2),(513,2,'Лиственная',1,13,2),(514,2,'Лиственная',1,14,2),(515,2,'Лиственная',1,15,2),(516,2,'Лиственная',1,16,2),(517,2,'Лиственная',1,17,2),(518,2,'Лиственная',1,18,2),(519,2,'Лиственная',1,19,2),(520,2,'Лиственная',1,20,2),(521,2,'Лиственная',2,1,2),(522,2,'Лиственная',2,2,2),(523,2,'Лиственная',2,3,2),(524,2,'Лиственная',2,4,2),(525,2,'Лиственная',2,5,2),(526,2,'Лиственная',2,6,2),(527,2,'Лиственная',2,7,2),(528,2,'Лиственная',2,8,2),(529,2,'Лиственная',2,9,2),(530,2,'Лиственная',2,10,2),(531,2,'Лиственная',2,11,2),(532,2,'Лиственная',2,12,2),(533,2,'Лиственная',2,13,2),(534,2,'Лиственная',2,14,2),(535,2,'Лиственная',2,15,2),(536,2,'Лиственная',2,16,2),(537,2,'Лиственная',2,17,2),(538,2,'Лиственная',2,18,2),(539,2,'Лиственная',2,19,2),(540,2,'Лиственная',2,20,2),(541,2,'Лиственная',3,1,2),(542,2,'Лиственная',3,2,2),(543,2,'Лиственная',3,3,2),(544,2,'Лиственная',3,4,2),(545,2,'Лиственная',3,5,2),(546,2,'Лиственная',3,6,2),(547,2,'Лиственная',3,7,2),(548,2,'Лиственная',3,8,2),(549,2,'Лиственная',3,9,2),(550,2,'Лиственная',3,10,2),(551,2,'Лиственная',3,11,2),(552,2,'Лиственная',3,12,2),(553,2,'Лиственная',3,13,2),(554,2,'Лиственная',3,14,2),(555,2,'Лиственная',3,15,2),(556,2,'Лиственная',3,16,2),(557,2,'Лиственная',3,17,2),(558,2,'Лиственная',3,18,2),(559,2,'Лиственная',3,19,2),(560,2,'Лиственная',3,20,2),(561,2,'Лиственная',4,1,2),(562,2,'Лиственная',4,2,2),(563,2,'Лиственная',4,3,2),(564,2,'Лиственная',4,4,2),(565,2,'Лиственная',4,5,2),(566,2,'Лиственная',4,6,2),(567,2,'Лиственная',4,7,2),(568,2,'Лиственная',4,8,2),(569,2,'Лиственная',4,9,2),(570,2,'Лиственная',4,10,2),(571,2,'Лиственная',4,11,2),(572,2,'Лиственная',4,12,2),(573,2,'Лиственная',4,13,2),(574,2,'Лиственная',4,14,2),(575,2,'Лиственная',4,15,2),(576,2,'Лиственная',4,16,2),(577,2,'Лиственная',4,17,2),(578,2,'Лиственная',4,18,2),(579,2,'Лиственная',4,19,2),(580,2,'Лиственная',4,20,2),(581,2,'Лиственная',5,1,2),(582,2,'Лиственная',5,2,2),(583,2,'Лиственная',5,3,2),(584,2,'Лиственная',5,4,2),(585,2,'Лиственная',5,5,2),(586,2,'Лиственная',5,6,2),(587,2,'Лиственная',5,7,2),(588,2,'Лиственная',5,8,2),(589,2,'Лиственная',5,9,2),(590,2,'Лиственная',5,10,2),(591,2,'Лиственная',5,11,2),(592,2,'Лиственная',5,12,2),(593,2,'Лиственная',5,13,2),(594,2,'Лиственная',5,14,2),(595,2,'Лиственная',5,15,2),(596,2,'Лиственная',5,16,2),(597,2,'Лиственная',5,17,2),(598,2,'Лиственная',5,18,2),(599,2,'Лиственная',5,19,2),(600,2,'Лиственная',5,20,2),(601,2,'Брусничная',1,1,2),(602,2,'Брусничная',1,2,2),(603,2,'Брусничная',1,3,2),(604,2,'Брусничная',1,4,2),(605,2,'Брусничная',1,5,2),(606,2,'Брусничная',1,6,2),(607,2,'Брусничная',1,7,2),(608,2,'Брусничная',1,8,2),(609,2,'Брусничная',1,9,2),(610,2,'Брусничная',1,10,2),(611,2,'Брусничная',1,11,2),(612,2,'Брусничная',1,12,2),(613,2,'Брусничная',1,13,2),(614,2,'Брусничная',1,14,2),(615,2,'Брусничная',1,15,2),(616,2,'Брусничная',1,16,2),(617,2,'Брусничная',1,17,2),(618,2,'Брусничная',1,18,2),(619,2,'Брусничная',1,19,2),(620,2,'Брусничная',1,20,2),(621,2,'Брусничная',2,1,2),(622,2,'Брусничная',2,2,2),(623,2,'Брусничная',2,3,2),(624,2,'Брусничная',2,4,2),(625,2,'Брусничная',2,5,2),(626,2,'Брусничная',2,6,2),(627,2,'Брусничная',2,7,2),(628,2,'Брусничная',2,8,2),(629,2,'Брусничная',2,9,2),(630,2,'Брусничная',2,10,2),(631,2,'Брусничная',2,11,2),(632,2,'Брусничная',2,12,2),(633,2,'Брусничная',2,13,2),(634,2,'Брусничная',2,14,2),(635,2,'Брусничная',2,15,2),(636,2,'Брусничная',2,16,2),(637,2,'Брусничная',2,17,2),(638,2,'Брусничная',2,18,2),(639,2,'Брусничная',2,19,2),(640,2,'Брусничная',2,20,2),(641,2,'Брусничная',3,1,2),(642,2,'Брусничная',3,2,2),(643,2,'Брусничная',3,3,2),(644,2,'Брусничная',3,4,2),(645,2,'Брусничная',3,5,2),(646,2,'Брусничная',3,6,2),(647,2,'Брусничная',3,7,2),(648,2,'Брусничная',3,8,2),(649,2,'Брусничная',3,9,2),(650,2,'Брусничная',3,10,2),(651,2,'Брусничная',3,11,2),(652,2,'Брусничная',3,12,2),(653,2,'Брусничная',3,13,2),(654,2,'Брусничная',3,14,2),(655,2,'Брусничная',3,15,2),(656,2,'Брусничная',3,16,2),(657,2,'Брусничная',3,17,2),(658,2,'Брусничная',3,18,2),(659,2,'Брусничная',3,19,2),(660,2,'Брусничная',3,20,2),(661,2,'Брусничная',4,1,2),(662,2,'Брусничная',4,2,2),(663,2,'Брусничная',4,3,2),(664,2,'Брусничная',4,4,2),(665,2,'Брусничная',4,5,2),(666,2,'Брусничная',4,6,2),(667,2,'Брусничная',4,7,2),(668,2,'Брусничная',4,8,2),(669,2,'Брусничная',4,9,2),(670,2,'Брусничная',4,10,2),(671,2,'Брусничная',4,11,2),(672,2,'Брусничная',4,12,2),(673,2,'Брусничная',4,13,2),(674,2,'Брусничная',4,14,2),(675,2,'Брусничная',4,15,2),(676,2,'Брусничная',4,16,2),(677,2,'Брусничная',4,17,2),(678,2,'Брусничная',4,18,2),(679,2,'Брусничная',4,19,2),(680,2,'Брусничная',4,20,2),(681,2,'Брусничная',5,1,2),(682,2,'Брусничная',5,2,2),(683,2,'Брусничная',5,3,2),(684,2,'Брусничная',5,4,2),(685,2,'Брусничная',5,5,2),(686,2,'Брусничная',5,6,2),(687,2,'Брусничная',5,7,2),(688,2,'Брусничная',5,8,2),(689,2,'Брусничная',5,9,2),(690,2,'Брусничная',5,10,2),(691,2,'Брусничная',5,11,2),(692,2,'Брусничная',5,12,2),(693,2,'Брусничная',5,13,2),(694,2,'Брусничная',5,14,2),(695,2,'Брусничная',5,15,2),(696,2,'Брусничная',5,16,2),(697,2,'Брусничная',5,17,2),(698,2,'Брусничная',5,18,2),(699,2,'Брусничная',5,19,2),(700,2,'Брусничная',5,20,2),(701,2,'Светлая',1,1,2),(702,2,'Светлая',1,2,2),(703,2,'Светлая',1,3,2),(704,2,'Светлая',1,4,2),(705,2,'Светлая',1,5,2),(706,2,'Светлая',1,6,2),(707,2,'Светлая',1,7,2),(708,2,'Светлая',1,8,2),(709,2,'Светлая',1,9,2),(710,2,'Светлая',1,10,2),(711,2,'Светлая',1,11,2),(712,2,'Светлая',1,12,2),(713,2,'Светлая',1,13,2),(714,2,'Светлая',1,14,2),(715,2,'Светлая',1,15,2),(716,2,'Светлая',1,16,2),(717,2,'Светлая',1,17,2),(718,2,'Светлая',1,18,2),(719,2,'Светлая',1,19,2),(720,2,'Светлая',1,20,2),(721,2,'Светлая',2,1,2),(722,2,'Светлая',2,2,2),(723,2,'Светлая',2,3,2),(724,2,'Светлая',2,4,2),(725,2,'Светлая',2,5,2),(726,2,'Светлая',2,6,2),(727,2,'Светлая',2,7,2),(728,2,'Светлая',2,8,2),(729,2,'Светлая',2,9,2),(730,2,'Светлая',2,10,2),(731,2,'Светлая',2,11,2),(732,2,'Светлая',2,12,2),(733,2,'Светлая',2,13,2),(734,2,'Светлая',2,14,2),(735,2,'Светлая',2,15,2),(736,2,'Светлая',2,16,2),(737,2,'Светлая',2,17,2),(738,2,'Светлая',2,18,2),(739,2,'Светлая',2,19,2),(740,2,'Светлая',2,20,2),(741,2,'Светлая',3,1,2),(742,2,'Светлая',3,2,2),(743,2,'Светлая',3,3,2),(744,2,'Светлая',3,4,2),(745,2,'Светлая',3,5,2),(746,2,'Светлая',3,6,2),(747,2,'Светлая',3,7,2),(748,2,'Светлая',3,8,2),(749,2,'Светлая',3,9,2),(750,2,'Светлая',3,10,2),(751,2,'Светлая',3,11,2),(752,2,'Светлая',3,12,2),(753,2,'Светлая',3,13,2),(754,2,'Светлая',3,14,2),(755,2,'Светлая',3,15,2),(756,2,'Светлая',3,16,2),(757,2,'Светлая',3,17,2),(758,2,'Светлая',3,18,2),(759,2,'Светлая',3,19,2),(760,2,'Светлая',3,20,2),(761,2,'Светлая',4,1,2),(762,2,'Светлая',4,2,2),(763,2,'Светлая',4,3,2),(764,2,'Светлая',4,4,2),(765,2,'Светлая',4,5,2),(766,2,'Светлая',4,6,2),(767,2,'Светлая',4,7,2),(768,2,'Светлая',4,8,2),(769,2,'Светлая',4,9,2),(770,2,'Светлая',4,10,2),(771,2,'Светлая',4,11,2),(772,2,'Светлая',4,12,2),(773,2,'Светлая',4,13,2),(774,2,'Светлая',4,14,2),(775,2,'Светлая',4,15,2),(776,2,'Светлая',4,16,2),(777,2,'Светлая',4,17,2),(778,2,'Светлая',4,18,2),(779,2,'Светлая',4,19,2),(780,2,'Светлая',4,20,2),(781,2,'Светлая',5,1,2),(782,2,'Светлая',5,2,2),(783,2,'Светлая',5,3,2),(784,2,'Светлая',5,4,2),(785,2,'Светлая',5,5,2),(786,2,'Светлая',5,6,2),(787,2,'Светлая',5,7,2),(788,2,'Светлая',5,8,2),(789,2,'Светлая',5,9,2),(790,2,'Светлая',5,10,2),(791,2,'Светлая',5,11,2),(792,2,'Светлая',5,12,2),(793,2,'Светлая',5,13,2),(794,2,'Светлая',5,14,2),(795,2,'Светлая',5,15,2),(796,2,'Светлая',5,16,2),(797,2,'Светлая',5,17,2),(798,2,'Светлая',5,18,2),(799,2,'Светлая',5,19,2),(800,2,'Светлая',5,20,2);
/*!40000 ALTER TABLE `addresses` ENABLE KEYS */;
UNLOCK TABLES;

--
-- Table structure for table `countries`
--

DROP TABLE IF EXISTS `countries`;
/*!40101 SET @saved_cs_client     = @@character_set_client */;
/*!50503 SET character_set_client = utf8mb4 */;
CREATE TABLE `countries` (
  `country_id` smallint unsigned NOT NULL AUTO_INCREMENT,
  `country_name` varchar(100) NOT NULL COMMENT 'Наименование страны',
  PRIMARY KEY (`country_id`),
  UNIQUE KEY `country_name` (`country_name`),
  FULLTEXT KEY `country_name_fulltext` (`country_name`)
) ENGINE=InnoDB AUTO_INCREMENT=195 DEFAULT CHARSET=utf8mb4 COLLATE=utf8mb4_0900_ai_ci COMMENT='Таблица countries - Список-справочник стран';
/*!40101 SET character_set_client = @saved_cs_client */;

--
-- Dumping data for table `countries`
--

LOCK TABLES `countries` WRITE;
/*!40000 ALTER TABLE `countries` DISABLE KEYS */;
INSERT INTO `countries` VALUES (2,'Австралийский Союз'),(3,'Австрийская Республика'),(4,'Азербайджанская Республика'),(6,'Алжирская Народная Демократическая Республика'),(9,'Антигуа и Барбуда'),(53,'Арабская Республика Египет'),(10,'Аргентинская Республика'),(15,'Барбадос'),(18,'Белиз'),(33,'Боливарианская Республика Венесуэла'),(23,'Босния и Герцеговина'),(27,'Буркина-Фасо'),(96,'Великое Герцогство Люксембург'),(32,'Венгрия'),(170,'Восточная Республика Уругвай'),(36,'Габонская Республика'),(42,'Гвинейская Республика'),(26,'Государство Бруней-Даруссалам'),(56,'Государство Израиль'),(72,'Государство Катар'),(87,'Государство Кувейт'),(93,'Государство Ливия'),(186,'Государство Эритрея'),(193,'Государство Япония'),(46,'Гренада'),(47,'Греческая Республика'),(48,'Грузия'),(34,'Демократическая Республика Восточный Тимор'),(81,'Демократическая Республика Конго'),(138,'Демократическая Республика Сан-Томе и Принсипи'),(183,'Демократическая Социалистическая Республика Шри-Ланка'),(52,'Доминиканская Республика'),(59,'Иорданское Хашимитское Королевство'),(61,'Исламская Республика Иран'),(98,'Исламская Республика Мавритания'),(125,'Исламская Республика Пакистан'),(12,'Исламский Эмират Афганистан'),(63,'Исландия'),(65,'Итальянская Республика'),(66,'Йеменская Республика'),(71,'Канада'),(75,'Киргизская Республика'),(77,'Китайская Народная Республика'),(8,'Княжество Андорра'),(95,'Княжество Лихтенштейн'),(111,'Княжество Монако'),(38,'Кооперативная Республика Гайана'),(82,'Корейская Народно-Демократическая Республика'),(16,'Королевство Бахрейн'),(19,'Королевство Бельгия'),(29,'Королевство Бутан'),(49,'Королевство Дания'),(64,'Королевство Испания'),(69,'Королевство Камбоджа'),(90,'Королевство Лесото'),(105,'Королевство Марокко'),(119,'Королевство Нидерландов'),(122,'Королевство Норвегия'),(139,'Королевство Саудовская Аравия'),(158,'Королевство Таиланд'),(161,'Королевство Тонга'),(182,'Королевство Швеция'),(187,'Королевство Эсватини'),(88,'Лаосская Народно-Демократическая Республика'),(89,'Латвийская Республика'),(92,'Ливанская Республика'),(94,'Литовская Республика'),(101,'Малайзия'),(103,'Мальдивская Республика'),(107,'Мексиканские Соединённые Штаты'),(22,'Многонациональное Государство Боливия'),(112,'Монголия'),(14,'Народная Республика Бангладеш'),(128,'Независимое Государство Папуа — Новая Гвинея'),(136,'Независимое Государство Самоа'),(121,'Новая Зеландия'),(159,'Объединённая Республика Танзания'),(123,'Объединённые Арабские Эмираты'),(132,'Португальская Республика'),(5,'Республика Албания'),(7,'Республика Ангола'),(11,'Республика Армения'),(17,'Республика Беларусь'),(20,'Республика Бенин'),(21,'Республика Болгария'),(24,'Республика Ботсвана'),(28,'Республика Бурунди'),(30,'Республика Вануату'),(37,'Республика Гаити'),(39,'Республика Гамбия'),(40,'Республика Гана'),(41,'Республика Гватемала'),(43,'Республика Гвинея-Бисау'),(45,'Республика Гондурас'),(50,'Республика Джибути'),(54,'Республика Замбия'),(55,'Республика Зимбабве'),(57,'Республика Индия'),(58,'Республика Индонезия'),(60,'Республика Ирак'),(62,'Республика Ирландия'),(67,'Республика Кабо-Верде'),(68,'Республика Казахстан'),(70,'Республика Камерун'),(73,'Республика Кения'),(74,'Республика Кипр'),(76,'Республика Кирибати'),(78,'Республика Колумбия'),(80,'Республика Конго'),(83,'Республика Корея'),(84,'Республика Коста-Рика'),(85,'Республика Кот-д’Ивуар'),(86,'Республика Куба'),(91,'Республика Либерия'),(97,'Республика Маврикий'),(99,'Республика Мадагаскар'),(100,'Республика Малави'),(102,'Республика Мали'),(104,'Республика Мальта'),(106,'Республика Маршалловы Острова'),(109,'Республика Мозамбик'),(110,'Республика Молдова'),(114,'Республика Намибия'),(115,'Республика Науру'),(117,'Республика Нигер'),(120,'Республика Никарагуа'),(126,'Республика Палау'),(127,'Республика Панама'),(129,'Республика Парагвай'),(130,'Республика Перу'),(131,'Республика Польша'),(133,'Республика Руанда'),(137,'Республика Сан-Марино'),(140,'Республика Северная Македония'),(141,'Республика Сейшельские Острова'),(142,'Республика Сенегал'),(146,'Республика Сербия'),(147,'Республика Сингапур'),(150,'Республика Словения'),(113,'Республика Союз Мьянма'),(154,'Республика Судан'),(155,'Республика Суринам'),(156,'Республика Сьерра-Леоне'),(157,'Республика Таджикистан'),(162,'Республика Тринидад и Тобаго'),(167,'Республика Уганда'),(168,'Республика Узбекистан'),(171,'Республика Фиджи'),(172,'Республика Филиппины'),(175,'Республика Хорватия'),(177,'Республика Чад'),(180,'Республика Чили'),(184,'Республика Эквадор'),(185,'Республика Экваториальная Гвинея'),(135,'Республика Эль-Сальвадор'),(191,'Республика Южный Судан'),(1,'Российская Федерация'),(134,'Румыния'),(143,'Сент-Винсент и Гренадины'),(145,'Сент-Люсия'),(148,'Сирийская Арабская Республика'),(149,'Словацкая Республика'),(13,'Содружество Багамских Островов'),(51,'Содружество Доминики'),(31,'Соединённое Королевство Великобритании и Северной Ирландии'),(151,'Соединённые Штаты Америки'),(152,'Соломоновы Острова'),(35,'Социалистическая Республика Вьетнам'),(79,'Союз Коморских Островов'),(124,'Султанат Оман'),(160,'Тоголезская Республика'),(163,'Тувалу'),(164,'Тунисская Республика'),(166,'Турецкая Республика'),(165,'Туркменистан'),(169,'Украина'),(116,'Федеративная Демократическая Республика Непал'),(189,'Федеративная Демократическая Республика Эфиопия'),(25,'Федеративная Республика Бразилия'),(44,'Федеративная Республика Германия'),(118,'Федеративная Республика Нигерия'),(153,'Федеративная Республика Сомали'),(108,'Федеративные Штаты Микронезии'),(144,'Федерация Сент-Китс и Невис'),(173,'Финляндская Республика'),(174,'Французская Республика'),(176,'Центральноафриканская Республика'),(178,'Черногория'),(179,'Чешская Республика'),(181,'Швейцарская Конфедерация'),(188,'Эстонская Республика'),(190,'Южно-Африканская Республика'),(192,'Ямайка');
/*!40000 ALTER TABLE `countries` ENABLE KEYS */;
UNLOCK TABLES;

--
-- Table structure for table `educations`
--

DROP TABLE IF EXISTS `educations`;
/*!40101 SET @saved_cs_client     = @@character_set_client */;
/*!50503 SET character_set_client = utf8mb4 */;
CREATE TABLE `educations` (
  `education_id` smallint unsigned NOT NULL AUTO_INCREMENT,
  `education_name` varchar(25) NOT NULL COMMENT 'Наименование вида образования',
  PRIMARY KEY (`education_id`),
  UNIQUE KEY `education_name` (`education_name`),
  FULLTEXT KEY `education_name_fulltext` (`education_name`)
) ENGINE=InnoDB AUTO_INCREMENT=8 DEFAULT CHARSET=utf8mb4 COLLATE=utf8mb4_0900_ai_ci COMMENT='Таблица educations - Список видов образования';
/*!40101 SET character_set_client = @saved_cs_client */;

--
-- Dumping data for table `educations`
--

LOCK TABLES `educations` WRITE;
/*!40000 ALTER TABLE `educations` DISABLE KEYS */;
INSERT INTO `educations` VALUES (7,'высшее'),(2,'дошкольное'),(3,'начальное общее'),(6,'неполное высшее'),(1,'нет'),(4,'основное общее'),(5,'среднее профессиональное');
/*!40000 ALTER TABLE `educations` ENABLE KEYS */;
UNLOCK TABLES;

--
-- Table structure for table `employments`
--

DROP TABLE IF EXISTS `employments`;
/*!40101 SET @saved_cs_client     = @@character_set_client */;
/*!50503 SET character_set_client = utf8mb4 */;
CREATE TABLE `employments` (
  `employment_id` smallint unsigned NOT NULL AUTO_INCREMENT,
  `employment_type` varchar(34) NOT NULL COMMENT 'Наименование вида занятости',
  PRIMARY KEY (`employment_id`),
  UNIQUE KEY `employment_type` (`employment_type`),
  FULLTEXT KEY `employment_type_fulltext` (`employment_type`)
) ENGINE=InnoDB AUTO_INCREMENT=8 DEFAULT CHARSET=utf8mb4 COLLATE=utf8mb4_0900_ai_ci COMMENT='Таблица employments - Список-справочник видов занятости';
/*!40101 SET character_set_client = @saved_cs_client */;

--
-- Dumping data for table `employments`
--

LOCK TABLES `employments` WRITE;
/*!40000 ALTER TABLE `employments` DISABLE KEYS */;
INSERT INTO `employments` VALUES (7,'безработный'),(2,'владелец/совладелец'),(3,'индивидуальный предприниматель'),(6,'иное'),(5,'помогающий на семейном предприятии'),(1,'работаю по найму'),(4,'самозанятый');
/*!40000 ALTER TABLE `employments` ENABLE KEYS */;
UNLOCK TABLES;

--
-- Table structure for table `ethnic_groups`
--

DROP TABLE IF EXISTS `ethnic_groups`;
/*!40101 SET @saved_cs_client     = @@character_set_client */;
/*!50503 SET character_set_client = utf8mb4 */;
CREATE TABLE `ethnic_groups` (
  `ethnic_group_id` smallint unsigned NOT NULL AUTO_INCREMENT,
  `ethnic_group_name` varchar(30) NOT NULL COMMENT 'национальная принадлежность',
  PRIMARY KEY (`ethnic_group_id`),
  UNIQUE KEY `ethnic_group_name` (`ethnic_group_name`),
  FULLTEXT KEY `ethnic_group_name_fulltext` (`ethnic_group_name`)
) ENGINE=InnoDB AUTO_INCREMENT=195 DEFAULT CHARSET=utf8mb4 COLLATE=utf8mb4_0900_ai_ci COMMENT='Таблица ethnic_groups - Список-справочник национальностей';
/*!40101 SET character_set_client = @saved_cs_client */;

--
-- Dumping data for table `ethnic_groups`
--

LOCK TABLES `ethnic_groups` WRITE;
/*!40000 ALTER TABLE `ethnic_groups` DISABLE KEYS */;
INSERT INTO `ethnic_groups` VALUES (52,'Абазины'),(78,'Абхазы'),(8,'Аварцы'),(58,'Агулы'),(169,'Аджарцы'),(37,'Адыгейцы'),(11,'Азербайджанцы'),(149,'Алеуты'),(44,'Алтайцы'),(125,'Американцы США'),(76,'Андийцы'),(80,'Арабы'),(7,'Армяне'),(186,'Арчинцы'),(79,'Ассирийцы'),(188,'Астраханские татары'),(83,'Ахвахцы'),(190,'Багулалы'),(38,'Балкарцы'),(153,'Бангладешцы'),(4,'Башкиры'),(87,'Бежтинцы'),(16,'Белорусы'),(114,'Бесермяне'),(62,'Болгары'),(163,'Боснийцы'),(103,'Ботлихцы'),(135,'Британцы'),(21,'Буряты'),(109,'Венгры'),(88,'Вепсы'),(178,'Водь'),(70,'Вьетнамцы'),(71,'Гагаузы'),(150,'Гинухцы'),(152,'Годоберинцы'),(63,'Горные марийцы'),(140,'Горские евреи (таты-иудаисты)'),(43,'Греки'),(193,'Греки-урумы'),(176,'Грузинские евреи'),(32,'Грузины'),(136,'Гунзибцы'),(12,'Даргинцы'),(77,'Дидойцы'),(84,'Долганы'),(122,'Дунгане'),(33,'Евреи'),(53,'Езиды'),(162,'Ижорцы'),(174,'Ингилойцы'),(22,'Ингуши'),(95,'Индийцы (хинди)'),(132,'Испанцы'),(129,'Итальянцы'),(105,'Ительмены'),(17,'Кабардинцы'),(47,'Казаки'),(10,'Казахи'),(187,'Кайтагцы'),(30,'Калмыки'),(117,'Камчадалы'),(185,'Карагаши'),(170,'Караимы'),(128,'Каракалпаки'),(91,'Каратинцы'),(27,'Карачаевцы'),(48,'Карелы'),(191,'Кереки'),(130,'Кеты'),(41,'Киргизы'),(61,'Китайцы'),(26,'Коми'),(86,'Коми-ижемцы'),(42,'Коми-пермяки'),(35,'Корейцы'),(82,'Коряки'),(113,'Крымские татары'),(175,'Крымчаки'),(57,'Кряшены'),(173,'Кубачинцы'),(142,'Кубинцы'),(108,'Кумандинцы'),(18,'Кумыки'),(64,'Курды'),(182,'Курманч (курмандж)'),(172,'Лазы'),(31,'Лакцы'),(156,'Ланкийцы'),(133,'Латгальцы'),(67,'Латыши'),(20,'Лезгины'),(59,'Литовцы'),(167,'Лугово-восточные марийцы'),(157,'Македонцы'),(74,'Манси'),(14,'Марийцы'),(144,'Мегрелы'),(192,'Меннониты'),(139,'Мишари'),(34,'Молдаване'),(107,'Монголы'),(9,'Мордва'),(92,'Мордва-мокша'),(49,'Мордва-эрзя'),(81,'Нагайбаки'),(75,'Нанайцы'),(138,'Нганасаны'),(147,'Негидальцы'),(23,'Немцы'),(51,'Ненцы'),(93,'Нивхи'),(40,'Ногайцы'),(145,'Орочи'),(15,'Осетины'),(166,'Осетины-дигорцы'),(180,'Осетины-иронцы'),(148,'Пакистанцы'),(154,'Памирцы'),(98,'Персы'),(50,'Поляки'),(106,'Поморы'),(89,'Пуштуны (афганцы)'),(104,'Румыны'),(165,'Русины'),(1,'Русские'),(56,'Рутульцы'),(120,'Саамы'),(181,'Сваны'),(100,'Селькупы'),(102,'Сербы'),(168,'Сету'),(85,'Сибирские татары'),(158,'Словаки'),(101,'Сойоты'),(183,'Среднеазиатские евреи'),(179,'Среднеазиатские цыгане'),(36,'Табасараны'),(29,'Таджики'),(161,'Тазы (удэ)'),(112,'Талыши'),(2,'Татары'),(124,'Таты'),(97,'Теленгиты'),(111,'Телеуты'),(143,'Тиндалы'),(119,'Тоджинцы (тыва-тоджинцы)'),(141,'Тофалары'),(116,'Тубалары'),(25,'Тувинцы'),(39,'Турки'),(90,'Турки-месхетинцы'),(55,'Туркмены'),(94,'Удины'),(13,'Удмурты'),(126,'Удэгейцы'),(24,'Узбеки'),(99,'Уйгуры'),(3,'Украинцы'),(160,'Ульта (ороки)'),(110,'Ульчи'),(66,'Финны'),(151,'Финны-ингерманландцы'),(127,'Французы'),(46,'Хакасы'),(60,'Ханты'),(146,'Хваршины'),(115,'Хемшилы'),(159,'Хорваты'),(73,'Цахуры'),(28,'Цыгане'),(184,'Чамалалы'),(131,'Челканцы'),(189,'Черкесогаи'),(45,'Черкесы'),(171,'Черногорцы'),(118,'Чехи'),(6,'Чеченцы'),(177,'Чеченцы-аккинцы'),(134,'Чуванцы'),(5,'Чуваши'),(69,'Чукчи'),(155,'Чулымцы'),(96,'Шапсуги'),(72,'Шорцы'),(54,'Эвенки'),(65,'Эвены'),(164,'Энцы'),(121,'Эскимосы'),(68,'Эстонцы'),(194,'Юги'),(123,'Юкагиры'),(19,'Якуты'),(137,'Японцы');
/*!40000 ALTER TABLE `ethnic_groups` ENABLE KEYS */;
UNLOCK TABLES;

--
-- Table structure for table `family_roles`
--

DROP TABLE IF EXISTS `family_roles`;
/*!40101 SET @saved_cs_client     = @@character_set_client */;
/*!50503 SET character_set_client = utf8mb4 */;
CREATE TABLE `family_roles` (
  `family_role_id` smallint unsigned NOT NULL AUTO_INCREMENT,
  `family_role_name` varchar(30) NOT NULL DEFAULT '0' COMMENT 'роль в семье',
  PRIMARY KEY (`family_role_id`),
  UNIQUE KEY `family_role_name` (`family_role_name`),
  FULLTEXT KEY `family_role_name_fulltext` (`family_role_name`)
) ENGINE=InnoDB AUTO_INCREMENT=22 DEFAULT CHARSET=utf8mb4 COLLATE=utf8mb4_0900_ai_ci COMMENT='Таблица family_roles - Список ролей в семье';
/*!40101 SET character_set_client = @saved_cs_client */;

--
-- Dumping data for table `family_roles`
--

LOCK TABLES `family_roles` WRITE;
/*!40000 ALTER TABLE `family_roles` DISABLE KEYS */;
INSERT INTO `family_roles` VALUES (17,'бабушка'),(8,'брат'),(18,'внук'),(19,'внучка'),(16,'дедушка'),(5,'дочь'),(20,'другая степень родства'),(3,'жена'),(1,'записан первым'),(14,'зять'),(7,'мать'),(2,'муж'),(21,'не родственник'),(15,'невестка(сноха)'),(6,'отец'),(11,'свекор'),(10,'свекровь'),(9,'сестра'),(4,'сын'),(13,'тесть'),(12,'теща');
/*!40000 ALTER TABLE `family_roles` ENABLE KEYS */;
UNLOCK TABLES;

--
-- Table structure for table `federal_subjects`
--

DROP TABLE IF EXISTS `federal_subjects`;
/*!40101 SET @saved_cs_client     = @@character_set_client */;
/*!50503 SET character_set_client = utf8mb4 */;
CREATE TABLE `federal_subjects` (
  `federal_subject_id` smallint unsigned NOT NULL AUTO_INCREMENT,
  `federal_subject_name` varchar(40) NOT NULL DEFAULT '0' COMMENT 'Название субъекта РФ',
  PRIMARY KEY (`federal_subject_id`),
  UNIQUE KEY `federal_subject_name` (`federal_subject_name`),
  FULLTEXT KEY `fed_subject_name_fulltext` (`federal_subject_name`)
) ENGINE=InnoDB AUTO_INCREMENT=96 DEFAULT CHARSET=utf8mb4 COLLATE=utf8mb4_0900_ai_ci COMMENT='Таблица federal_subjects - Список субъектов РФ';
/*!40101 SET character_set_client = @saved_cs_client */;

--
-- Dumping data for table `federal_subjects`
--

LOCK TABLES `federal_subjects` WRITE;
/*!40000 ALTER TABLE `federal_subjects` DISABLE KEYS */;
INSERT INTO `federal_subjects` VALUES (22,'Алтайский край'),(28,'Амурская область'),(29,'Архангельская область'),(30,'Астраханская область'),(94,'Байконур'),(31,'Белгородская область'),(32,'Брянская область'),(33,'Владимирская область'),(34,'Волгоградская область'),(35,'Вологодская область'),(36,'Воронежская область'),(79,'Еврейская автономная область'),(75,'Забайкальский край'),(37,'Ивановская область'),(38,'Иркутская область'),(7,'Кабардино-Балкарская Республика'),(39,'Калининградская область'),(40,'Калужская область'),(41,'Камчатский край'),(9,'Карачаево-Черкесская Республика'),(42,'Кемеровская область'),(43,'Кировская область'),(44,'Костромская область'),(23,'Краснодарский край'),(24,'Красноярский край'),(45,'Курганская область'),(46,'Курская область'),(47,'Ленинградская область'),(48,'Липецкая область'),(49,'Магаданская область'),(77,'Москва'),(50,'Московская область'),(51,'Мурманская область'),(83,'Ненецкий автономный округ'),(52,'Нижегородская область'),(53,'Новгородская область'),(54,'Новосибирская область'),(55,'Омская область'),(56,'Оренбургская область'),(57,'Орловская область'),(58,'Пензенская область'),(59,'Пермский край'),(25,'Приморский край'),(60,'Псковская область'),(1,'Республика Адыгея'),(4,'Республика Алтай'),(2,'Республика Башкортостан'),(3,'Республика Бурятия'),(5,'Республика Дагестан'),(6,'Республика Ингушетия'),(8,'Республика Калмыкия'),(10,'Республика Карелия'),(11,'Республика Коми'),(82,'Республика Крым'),(12,'Республика Марий Эл'),(13,'Республика Мордовия'),(14,'Республика Саха (Якутия)'),(15,'Республика Северная Осетия — Алания'),(16,'Республика Татарстан'),(17,'Республика Тыва'),(19,'Республика Хакасия'),(61,'Ростовская область'),(62,'Рязанская область'),(63,'Самарская область'),(78,'Санкт-Петербург'),(64,'Саратовская область'),(65,'Сахалинская область'),(66,'Свердловская область'),(92,'Севастополь'),(67,'Смоленская область'),(26,'Ставропольский край'),(68,'Тамбовская область'),(69,'Тверская область'),(70,'Томская область'),(71,'Тульская область'),(72,'Тюменская область'),(18,'Удмуртская Республика'),(73,'Ульяновская область'),(27,'Хабаровский край'),(86,'Ханты-Мансийский автономный округ — Югра'),(74,'Челябинская область'),(95,'Чеченская Республика'),(21,'Чувашская Республика'),(87,'Чукотский автономный округ'),(89,'Ямало-Ненецкий автономный округ'),(76,'Ярославская область');
/*!40000 ALTER TABLE `federal_subjects` ENABLE KEYS */;
UNLOCK TABLES;

--
-- Table structure for table `household_members`
--

DROP TABLE IF EXISTS `household_members`;
/*!40101 SET @saved_cs_client     = @@character_set_client */;
/*!50503 SET character_set_client = utf8mb4 */;
CREATE TABLE `household_members` (
  `hm_id` int unsigned NOT NULL AUTO_INCREMENT,
  `household` int unsigned NOT NULL,
  `profile` int unsigned NOT NULL,
  `family_role` smallint unsigned NOT NULL,
  PRIMARY KEY (`hm_id`),
  UNIQUE KEY `profile_family_role_idx` (`hm_id`,`household`,`profile`,`family_role`),
  UNIQUE KEY `household_members_profile_un_idx` (`profile`),
  KEY `household` (`household`),
  KEY `family_role` (`family_role`),
  CONSTRAINT `household_members_ibfk_1` FOREIGN KEY (`household`) REFERENCES `households` (`household_id`),
  CONSTRAINT `household_members_ibfk_2` FOREIGN KEY (`profile`) REFERENCES `profiles` (`profile_id`),
  CONSTRAINT `household_members_ibfk_3` FOREIGN KEY (`family_role`) REFERENCES `family_roles` (`family_role_id`)
) ENGINE=InnoDB AUTO_INCREMENT=33 DEFAULT CHARSET=utf8mb4 COLLATE=utf8mb4_0900_ai_ci COMMENT='Таблица household_members - состав домохозяйства';
/*!40101 SET character_set_client = @saved_cs_client */;

--
-- Dumping data for table `household_members`
--

LOCK TABLES `household_members` WRITE;
/*!40000 ALTER TABLE `household_members` DISABLE KEYS */;
INSERT INTO `household_members` VALUES (1,1,1,1),(2,1,2,3),(3,1,3,4),(4,1,4,5),(5,1,5,6),(6,2,6,1),(7,2,7,3),(8,2,8,5),(9,2,9,5),(10,2,10,4),(11,2,11,13),(12,2,12,12),(13,107,13,1),(14,107,14,3),(15,107,15,4),(16,107,16,4),(17,234,17,1),(18,234,18,3),(19,234,19,4),(20,234,20,4),(21,411,21,1),(22,411,22,3),(23,411,23,4),(24,411,24,5),(25,527,25,1),(26,527,26,2),(27,527,27,5),(28,527,28,19),(29,598,29,1),(30,598,30,3),(31,598,31,5),(32,598,32,4);
/*!40000 ALTER TABLE `household_members` ENABLE KEYS */;
UNLOCK TABLES;

--
-- Table structure for table `households`
--

DROP TABLE IF EXISTS `households`;
/*!40101 SET @saved_cs_client     = @@character_set_client */;
/*!50503 SET character_set_client = utf8mb4 */;
CREATE TABLE `households` (
  `household_id` int unsigned NOT NULL AUTO_INCREMENT,
  `address` int unsigned NOT NULL,
  PRIMARY KEY (`household_id`),
  UNIQUE KEY `household_id_address_idx` (`household_id`,`address`),
  KEY `address` (`address`),
  CONSTRAINT `households_ibfk_1` FOREIGN KEY (`address`) REFERENCES `addresses` (`address_id`)
) ENGINE=InnoDB AUTO_INCREMENT=801 DEFAULT CHARSET=utf8mb4 COLLATE=utf8mb4_0900_ai_ci COMMENT='Таблица households - домохозяйства';
/*!40101 SET character_set_client = @saved_cs_client */;

--
-- Dumping data for table `households`
--

LOCK TABLES `households` WRITE;
/*!40000 ALTER TABLE `households` DISABLE KEYS */;
INSERT INTO `households` VALUES (1,1),(2,2),(3,3),(4,4),(5,5),(6,6),(7,7),(8,8),(9,9),(10,10),(11,11),(12,12),(13,13),(14,14),(15,15),(16,16),(17,17),(18,18),(19,19),(20,20),(21,21),(22,22),(23,23),(24,24),(25,25),(26,26),(27,27),(28,28),(29,29),(30,30),(31,31),(32,32),(33,33),(34,34),(35,35),(36,36),(37,37),(38,38),(39,39),(40,40),(41,41),(42,42),(43,43),(44,44),(45,45),(46,46),(47,47),(48,48),(49,49),(50,50),(51,51),(52,52),(53,53),(54,54),(55,55),(56,56),(57,57),(58,58),(59,59),(60,60),(61,61),(62,62),(63,63),(64,64),(65,65),(66,66),(67,67),(68,68),(69,69),(70,70),(71,71),(72,72),(73,73),(74,74),(75,75),(76,76),(77,77),(78,78),(79,79),(80,80),(81,81),(82,82),(83,83),(84,84),(85,85),(86,86),(87,87),(88,88),(89,89),(90,90),(91,91),(92,92),(93,93),(94,94),(95,95),(96,96),(97,97),(98,98),(99,99),(100,100),(101,101),(102,102),(103,103),(104,104),(105,105),(106,106),(107,107),(108,108),(109,109),(110,110),(111,111),(112,112),(113,113),(114,114),(115,115),(116,116),(117,117),(118,118),(119,119),(120,120),(121,121),(122,122),(123,123),(124,124),(125,125),(126,126),(127,127),(128,128),(129,129),(130,130),(131,131),(132,132),(133,133),(134,134),(135,135),(136,136),(137,137),(138,138),(139,139),(140,140),(141,141),(142,142),(143,143),(144,144),(145,145),(146,146),(147,147),(148,148),(149,149),(150,150),(151,151),(152,152),(153,153),(154,154),(155,155),(156,156),(157,157),(158,158),(159,159),(160,160),(161,161),(162,162),(163,163),(164,164),(165,165),(166,166),(167,167),(168,168),(169,169),(170,170),(171,171),(172,172),(173,173),(174,174),(175,175),(176,176),(177,177),(178,178),(179,179),(180,180),(181,181),(182,182),(183,183),(184,184),(185,185),(186,186),(187,187),(188,188),(189,189),(190,190),(191,191),(192,192),(193,193),(194,194),(195,195),(196,196),(197,197),(198,198),(199,199),(200,200),(201,201),(202,202),(203,203),(204,204),(205,205),(206,206),(207,207),(208,208),(209,209),(210,210),(211,211),(212,212),(213,213),(214,214),(215,215),(216,216),(217,217),(218,218),(219,219),(220,220),(221,221),(222,222),(223,223),(224,224),(225,225),(226,226),(227,227),(228,228),(229,229),(230,230),(231,231),(232,232),(233,233),(234,234),(235,235),(236,236),(237,237),(238,238),(239,239),(240,240),(241,241),(242,242),(243,243),(244,244),(245,245),(246,246),(247,247),(248,248),(249,249),(250,250),(251,251),(252,252),(253,253),(254,254),(255,255),(256,256),(257,257),(258,258),(259,259),(260,260),(261,261),(262,262),(263,263),(264,264),(265,265),(266,266),(267,267),(268,268),(269,269),(270,270),(271,271),(272,272),(273,273),(274,274),(275,275),(276,276),(277,277),(278,278),(279,279),(280,280),(281,281),(282,282),(283,283),(284,284),(285,285),(286,286),(287,287),(288,288),(289,289),(290,290),(291,291),(292,292),(293,293),(294,294),(295,295),(296,296),(297,297),(298,298),(299,299),(300,300),(301,301),(302,302),(303,303),(304,304),(305,305),(306,306),(307,307),(308,308),(309,309),(310,310),(311,311),(312,312),(313,313),(314,314),(315,315),(316,316),(317,317),(318,318),(319,319),(320,320),(321,321),(322,322),(323,323),(324,324),(325,325),(326,326),(327,327),(328,328),(329,329),(330,330),(331,331),(332,332),(333,333),(334,334),(335,335),(336,336),(337,337),(338,338),(339,339),(340,340),(341,341),(342,342),(343,343),(344,344),(345,345),(346,346),(347,347),(348,348),(349,349),(350,350),(351,351),(352,352),(353,353),(354,354),(355,355),(356,356),(357,357),(358,358),(359,359),(360,360),(361,361),(362,362),(363,363),(364,364),(365,365),(366,366),(367,367),(368,368),(369,369),(370,370),(371,371),(372,372),(373,373),(374,374),(375,375),(376,376),(377,377),(378,378),(379,379),(380,380),(381,381),(382,382),(383,383),(384,384),(385,385),(386,386),(387,387),(388,388),(389,389),(390,390),(391,391),(392,392),(393,393),(394,394),(395,395),(396,396),(397,397),(398,398),(399,399),(400,400),(401,401),(402,402),(403,403),(404,404),(405,405),(406,406),(407,407),(408,408),(409,409),(410,410),(411,411),(412,412),(413,413),(414,414),(415,415),(416,416),(417,417),(418,418),(419,419),(420,420),(421,421),(422,422),(423,423),(424,424),(425,425),(426,426),(427,427),(428,428),(429,429),(430,430),(431,431),(432,432),(433,433),(434,434),(435,435),(436,436),(437,437),(438,438),(439,439),(440,440),(441,441),(442,442),(443,443),(444,444),(445,445),(446,446),(447,447),(448,448),(449,449),(450,450),(451,451),(452,452),(453,453),(454,454),(455,455),(456,456),(457,457),(458,458),(459,459),(460,460),(461,461),(462,462),(463,463),(464,464),(465,465),(466,466),(467,467),(468,468),(469,469),(470,470),(471,471),(472,472),(473,473),(474,474),(475,475),(476,476),(477,477),(478,478),(479,479),(480,480),(481,481),(482,482),(483,483),(484,484),(485,485),(486,486),(487,487),(488,488),(489,489),(490,490),(491,491),(492,492),(493,493),(494,494),(495,495),(496,496),(497,497),(498,498),(499,499),(500,500),(501,501),(502,502),(503,503),(504,504),(505,505),(506,506),(507,507),(508,508),(509,509),(510,510),(511,511),(512,512),(513,513),(514,514),(515,515),(516,516),(517,517),(518,518),(519,519),(520,520),(521,521),(522,522),(523,523),(524,524),(525,525),(526,526),(527,527),(528,528),(529,529),(530,530),(531,531),(532,532),(533,533),(534,534),(535,535),(536,536),(537,537),(538,538),(539,539),(540,540),(541,541),(542,542),(543,543),(544,544),(545,545),(546,546),(547,547),(548,548),(549,549),(550,550),(551,551),(552,552),(553,553),(554,554),(555,555),(556,556),(557,557),(558,558),(559,559),(560,560),(561,561),(562,562),(563,563),(564,564),(565,565),(566,566),(567,567),(568,568),(569,569),(570,570),(571,571),(572,572),(573,573),(574,574),(575,575),(576,576),(577,577),(578,578),(579,579),(580,580),(581,581),(582,582),(583,583),(584,584),(585,585),(586,586),(587,587),(588,588),(589,589),(590,590),(591,591),(592,592),(593,593),(594,594),(595,595),(596,596),(597,597),(598,598),(599,599),(600,600),(601,601),(602,602),(603,603),(604,604),(605,605),(606,606),(607,607),(608,608),(609,609),(610,610),(611,611),(612,612),(613,613),(614,614),(615,615),(616,616),(617,617),(618,618),(619,619),(620,620),(621,621),(622,622),(623,623),(624,624),(625,625),(626,626),(627,627),(628,628),(629,629),(630,630),(631,631),(632,632),(633,633),(634,634),(635,635),(636,636),(637,637),(638,638),(639,639),(640,640),(641,641),(642,642),(643,643),(644,644),(645,645),(646,646),(647,647),(648,648),(649,649),(650,650),(651,651),(652,652),(653,653),(654,654),(655,655),(656,656),(657,657),(658,658),(659,659),(660,660),(661,661),(662,662),(663,663),(664,664),(665,665),(666,666),(667,667),(668,668),(669,669),(670,670),(671,671),(672,672),(673,673),(674,674),(675,675),(676,676),(677,677),(678,678),(679,679),(680,680),(681,681),(682,682),(683,683),(684,684),(685,685),(686,686),(687,687),(688,688),(689,689),(690,690),(691,691),(692,692),(693,693),(694,694),(695,695),(696,696),(697,697),(698,698),(699,699),(700,700),(701,701),(702,702),(703,703),(704,704),(705,705),(706,706),(707,707),(708,708),(709,709),(710,710),(711,711),(712,712),(713,713),(714,714),(715,715),(716,716),(717,717),(718,718),(719,719),(720,720),(721,721),(722,722),(723,723),(724,724),(725,725),(726,726),(727,727),(728,728),(729,729),(730,730),(731,731),(732,732),(733,733),(734,734),(735,735),(736,736),(737,737),(738,738),(739,739),(740,740),(741,741),(742,742),(743,743),(744,744),(745,745),(746,746),(747,747),(748,748),(749,749),(750,750),(751,751),(752,752),(753,753),(754,754),(755,755),(756,756),(757,757),(758,758),(759,759),(760,760),(761,761),(762,762),(763,763),(764,764),(765,765),(766,766),(767,767),(768,768),(769,769),(770,770),(771,771),(772,772),(773,773),(774,774),(775,775),(776,776),(777,777),(778,778),(779,779),(780,780),(781,781),(782,782),(783,783),(784,784),(785,785),(786,786),(787,787),(788,788),(789,789),(790,790),(791,791),(792,792),(793,793),(794,794),(795,795),(796,796),(797,797),(798,798),(799,799),(800,800);
/*!40000 ALTER TABLE `households` ENABLE KEYS */;
UNLOCK TABLES;

--
-- Table structure for table `housing_types`
--

DROP TABLE IF EXISTS `housing_types`;
/*!40101 SET @saved_cs_client     = @@character_set_client */;
/*!50503 SET character_set_client = utf8mb4 */;
CREATE TABLE `housing_types` (
  `housing_type_id` smallint unsigned NOT NULL AUTO_INCREMENT,
  `housing_type_name` varchar(21) NOT NULL DEFAULT '0' COMMENT 'Название типа жилища',
  PRIMARY KEY (`housing_type_id`),
  UNIQUE KEY `housing_type_name` (`housing_type_name`),
  FULLTEXT KEY `housing_type_name_fulltext` (`housing_type_name`)
) ENGINE=InnoDB AUTO_INCREMENT=6 DEFAULT CHARSET=utf8mb4 COLLATE=utf8mb4_0900_ai_ci COMMENT='Таблица housing_types - Список типов жилища';
/*!40101 SET character_set_client = @saved_cs_client */;

--
-- Dumping data for table `housing_types`
--

LOCK TABLES `housing_types` WRITE;
/*!40000 ALTER TABLE `housing_types` DISABLE KEYS */;
INSERT INTO `housing_types` VALUES (5,'гостиница'),(1,'индивидуальный дом'),(3,'коммунальная квартира'),(4,'общежитие'),(2,'отдельная квартира');
/*!40000 ALTER TABLE `housing_types` ENABLE KEYS */;
UNLOCK TABLES;

--
-- Table structure for table `list_income_sources`
--

DROP TABLE IF EXISTS `list_income_sources`;
/*!40101 SET @saved_cs_client     = @@character_set_client */;
/*!50503 SET character_set_client = utf8mb4 */;
CREATE TABLE `list_income_sources` (
  `income_source_id` smallint unsigned NOT NULL AUTO_INCREMENT,
  `income_source_name` varchar(51) NOT NULL COMMENT 'Наименование источника дохода',
  PRIMARY KEY (`income_source_id`),
  UNIQUE KEY `income_source_name` (`income_source_name`),
  FULLTEXT KEY `income_source_name_fulltext` (`income_source_name`)
) ENGINE=InnoDB AUTO_INCREMENT=16 DEFAULT CHARSET=utf8mb4 COLLATE=utf8mb4_0900_ai_ci COMMENT='Таблица employments - Список видов источников дохода';
/*!40101 SET character_set_client = @saved_cs_client */;

--
-- Dumping data for table `list_income_sources`
--

LOCK TABLES `list_income_sources` WRITE;
/*!40000 ALTER TABLE `list_income_sources` DISABLE KEYS */;
INSERT INTO `list_income_sources` VALUES (6,'доход от патентов, авторских прав'),(12,'другие пособия от организаций, государства'),(2,'зар.плата'),(14,'иждевение'),(15,'иной источник'),(13,'льготы, компенсации, субсидии, выигрыши'),(1,'нет'),(8,'пенсия (кроме пенсии по инвалидности)'),(9,'пенсия по инвалидности'),(11,'пособие по безработице'),(3,'предпринимательский доход/самозанятость'),(4,'производство товаров для собственного использования'),(7,'сбережения, дивиденды и т.п.'),(5,'сдача имущества в аренду'),(10,'стипендия');
/*!40000 ALTER TABLE `list_income_sources` ENABLE KEYS */;
UNLOCK TABLES;

--
-- Table structure for table `list_languages`
--

DROP TABLE IF EXISTS `list_languages`;
/*!40101 SET @saved_cs_client     = @@character_set_client */;
/*!50503 SET character_set_client = utf8mb4 */;
CREATE TABLE `list_languages` (
  `language_id` smallint unsigned NOT NULL AUTO_INCREMENT,
  `language_name` varchar(55) NOT NULL COMMENT 'Название языка',
  PRIMARY KEY (`language_id`),
  UNIQUE KEY `language_name` (`language_name`),
  FULLTEXT KEY `language_name_fulltext` (`language_name`)
) ENGINE=InnoDB AUTO_INCREMENT=276 DEFAULT CHARSET=utf8mb4 COLLATE=utf8mb4_0900_ai_ci COMMENT='Таблица list_languages - Список-справочник языков';
/*!40101 SET character_set_client = @saved_cs_client */;

--
-- Dumping data for table `list_languages`
--

LOCK TABLES `list_languages` WRITE;
/*!40000 ALTER TABLE `list_languages` DISABLE KEYS */;
INSERT INTO `list_languages` VALUES (54,'абазинский'),(82,'абхазский'),(9,'аварский'),(61,'агульский'),(38,'адыгейский'),(104,'адыгский'),(14,'азербайджанский'),(186,'айнский'),(115,'алабугатско-татарский'),(114,'албанский'),(180,'алеутский'),(47,'алтайский'),(195,'алюторский'),(142,'амхарский'),(2,'английский'),(168,'ангольский'),(87,'андийский'),(48,'арабский'),(10,'армянский'),(122,'арчинский'),(224,'ассамский'),(93,'ассирийский'),(154,'африкаанс'),(150,'ахвахский'),(244,'ашанти'),(109,'багвалинский'),(260,'бакве'),(235,'баланте'),(236,'балийский'),(199,'бамана'),(225,'банту'),(275,'барабинский'),(253,'бартангский'),(210,'баскский'),(261,'бауле'),(6,'башкирский'),(84,'бежтинский'),(28,'белорусский'),(193,'белуджский'),(159,'бельгийский'),(184,'бемба'),(137,'бенгали'),(237,'бенинский'),(177,'берберский'),(141,'бирманский (бама)'),(262,'бихарский'),(64,'болгарский'),(152,'ботлихский'),(220,'бретонский'),(27,'бурятский'),(263,'ваи'),(200,'валлийский'),(215,'ваханский'),(81,'венгерский'),(94,'вепсский'),(176,'водский'),(226,'волоф'),(77,'вьетнамский'),(205,'гавайский'),(85,'гагаузский'),(238,'гаитянский'),(227,'гинухский'),(161,'годоберинский'),(63,'горномарийский'),(50,'греческий'),(29,'грузинский'),(239,'гуарани'),(119,'гунзибский'),(76,'дагестанский'),(13,'даргинский'),(123,'дари'),(111,'датский'),(228,'даурский'),(254,'диула'),(116,'долганский'),(135,'дунганский'),(86,'еврейский'),(196,'зулу'),(68,'иврит'),(106,'идиш'),(211,'идо'),(164,'ижорский'),(23,'ингушский'),(131,'индонезийский'),(151,'ирландский'),(147,'исландский'),(31,'испанский'),(41,'итальянский'),(172,'ительменский'),(198,'йоруба'),(12,'кабардино-черкесский'),(19,'казахский'),(42,'калмыцкий'),(216,'кантонский (юэ)'),(245,'караимский'),(125,'каракалпакский'),(145,'каратинский'),(24,'карачаево-балкарский'),(62,'карельский'),(201,'кашмири'),(209,'керекский'),(149,'кетский'),(240,'кечуа'),(229,'кикуйю'),(43,'киргизский'),(146,'кистинский'),(44,'китайский'),(30,'коми'),(46,'коми-пермяцкий'),(203,'конголезский'),(51,'корейский'),(107,'корякский'),(175,'креольский'),(217,'крызский'),(144,'крымскотатарский'),(255,'крымчакский'),(127,'кумандинский'),(17,'кумыкский'),(56,'курдский'),(160,'кхмерский'),(197,'лазский'),(33,'лакский'),(192,'ланкийский'),(162,'лаосский'),(52,'латинский'),(65,'латышский'),(18,'лезгинский'),(185,'лингала'),(58,'литовский'),(155,'лугово-восточный марийский'),(218,'люксембургский'),(134,'македонский'),(194,'малагасийский'),(113,'малайский'),(246,'малинке'),(187,'мальдивский'),(124,'мансийский'),(207,'маньчжурский'),(247,'маори'),(21,'марийский'),(248,'масаи'),(108,'мегрельский'),(100,'мокша-мордовский'),(39,'молдавский'),(79,'монгольский'),(256,'монегаскский'),(20,'мордовский'),(230,'нама'),(112,'нанайский'),(163,'нганасанский'),(173,'негидальский'),(4,'немецкий'),(66,'ненецкий'),(166,'непали'),(1,'нет'),(264,'ниасский'),(153,'нивхский'),(171,'нигерийский'),(96,'нидерландский'),(40,'ногайский'),(188,'ногайско-карагашский (астраханских ногайцев-карагашей)'),(90,'норвежский'),(257,'нуба'),(265,'нуристани'),(204,'ньянджа'),(241,'оромо'),(219,'орочский'),(15,'осетинский'),(156,'пакистанский'),(129,'памирский'),(178,'панджаби'),(71,'персидский'),(45,'польский'),(73,'португальский'),(92,'пушту'),(231,'ретороманский'),(208,'руанда'),(67,'румынский'),(167,'русинский'),(37,'русский жестовый язык'),(60,'рутульский'),(258,'рушанский'),(140,'саамский'),(232,'самоанский'),(249,'санго'),(259,'сара'),(174,'сванский'),(118,'селькупский'),(74,'сербскохорватский'),(266,'сесото'),(242,'сетсвана'),(267,'сималур'),(157,'сингальский'),(221,'синдхи'),(233,'сиреникский'),(110,'словацкий'),(102,'словенский'),(181,'сомали'),(126,'суахили'),(268,'суринамский'),(36,'табасаранский'),(165,'тагальский'),(34,'таджикский'),(128,'тайский'),(95,'талышский'),(138,'тамильский'),(3,'татарский'),(103,'татский'),(121,'телеутский'),(269,'темне'),(132,'тибетский'),(270,'тигре'),(212,'тигринья'),(99,'тиндальский'),(223,'тонганский'),(170,'тофаларский'),(148,'тубаларский'),(26,'тувинский'),(32,'турецкий'),(59,'туркменский'),(101,'тюркский'),(98,'удинский'),(22,'удмуртский'),(169,'удэгейский'),(25,'узбекский'),(117,'уйгурский'),(179,'уйльта'),(7,'украинский'),(158,'ульчский'),(130,'урду'),(202,'фанг'),(234,'фиджийский'),(53,'финский'),(213,'фон'),(11,'французский'),(250,'фризский'),(251,'фула'),(49,'хакасский'),(78,'хантыйский'),(206,'харари'),(191,'хауса'),(105,'хваршинский'),(83,'хинди'),(271,'хири-моту'),(75,'цахурский'),(72,'цезский'),(35,'цыганский'),(136,'чамалинский'),(143,'челканский'),(5,'чеченский'),(70,'чешский'),(8,'чувашский'),(89,'чукотский'),(182,'чулымско-тюркский'),(80,'шведский'),(252,'шона'),(97,'шорский'),(189,'шугнанский'),(214,'эве'),(91,'эвенкийский'),(88,'эвенский'),(272,'эдо'),(183,'энецкий'),(55,'эрзя-мордовский'),(133,'эскийосский'),(120,'эсперанто'),(69,'эстонский'),(273,'югский'),(243,'юитский'),(139,'юкагирский'),(190,'юртовско-татарский'),(274,'ягнобский'),(222,'язгулемский'),(16,'якутский'),(57,'японский');
/*!40000 ALTER TABLE `list_languages` ENABLE KEYS */;
UNLOCK TABLES;

--
-- Table structure for table `localities`
--

DROP TABLE IF EXISTS `localities`;
/*!40101 SET @saved_cs_client     = @@character_set_client */;
/*!50503 SET character_set_client = utf8mb4 */;
CREATE TABLE `localities` (
  `locality_id` int unsigned NOT NULL AUTO_INCREMENT,
  `locality_name` varchar(100) NOT NULL DEFAULT '0' COMMENT 'Название населенного пункта',
  `federal_subject` smallint unsigned NOT NULL,
  PRIMARY KEY (`locality_id`),
  UNIQUE KEY `locality_id_federal_subject_id_idx` (`locality_id`,`federal_subject`),
  KEY `locality_name_idx` (`locality_name`),
  KEY `federal_subject` (`federal_subject`),
  FULLTEXT KEY `locality_name_fulltext` (`locality_name`),
  CONSTRAINT `localities_ibfk_1` FOREIGN KEY (`federal_subject`) REFERENCES `federal_subjects` (`federal_subject_id`) ON DELETE RESTRICT ON UPDATE CASCADE
) ENGINE=InnoDB AUTO_INCREMENT=172 DEFAULT CHARSET=utf8mb4 COLLATE=utf8mb4_0900_ai_ci COMMENT='Таблица localities - Список населенных пунктов связанных с субъектами РФ';
/*!40101 SET character_set_client = @saved_cs_client */;

--
-- Dumping data for table `localities`
--

LOCK TABLES `localities` WRITE;
/*!40000 ALTER TABLE `localities` DISABLE KEYS */;
INSERT INTO `localities` VALUES (1,'Балашиха',50),(2,'Подольск',50),(3,'Химки',50),(4,'Мытищи',50),(5,'Королёв',50),(6,'Люберцы',50),(7,'Красногорск',50),(8,'Электросталь',50),(9,'Коломна',50),(10,'Одинцово',50),(11,'Домодедово',50),(12,'Щёлково',50),(13,'Серпухов',50),(14,'Раменское',50),(15,'Орехово-Зуево',50),(16,'Долгопрудный',50),(17,'Пушкино',50),(18,'Реутов',50),(19,'Жуковский',50),(20,'Ногинск',50),(21,'Ростов-на-Дону',61),(22,'Таганрог',61),(23,'Шахты',61),(24,'Волгодонск',61),(25,'Новочеркасск',61),(26,'Батайск',61),(27,'Новошахтинск',61),(28,'Уфа',2),(29,'Стерлитамак',2),(30,'Салават',2),(31,'Нефтекамск',2),(32,'Октябрьский',2),(33,'Казань',16),(34,'Набережные Челны',16),(35,'Нижнекамск',16),(36,'Альметьевск',16),(37,'Зеленодольск',16),(38,'Ставрополь',26),(39,'Пятигорск',26),(40,'Кисловодск',26),(41,'Невинномысск',26),(42,'Ессентуки',26),(43,'Челябинск',74),(44,'Магнитогорск',74),(45,'Златоуст',74),(46,'Миасс',74),(47,'Копейск',74),(48,'Махачкала',5),(49,'Хасавюрт',5),(50,'Дербент',5),(51,'Каспийск',5),(52,'Краснодар',23),(53,'Сочи',23),(54,'Новороссийск',23),(55,'Армавир',23),(56,'Владивосток',25),(57,'Уссурийск',25),(58,'Находка',25),(59,'Артём',25),(60,'Екатеринбург',66),(61,'Нижний Тагил',66),(62,'Каменск-Уральский',66),(63,'Первоуральск',66),(64,'Сургут',86),(65,'Нижневартовск',86),(66,'Нефтеюганск',86),(67,'Ханты-Мансийск',86),(68,'Симферополь',82),(69,'Керчь',82),(70,'Евпатория',82),(71,'Красноярск',24),(72,'Норильск',24),(73,'Ачинск',24),(74,'Барнаул',22),(75,'Бийск',22),(76,'Рубцовск',22),(77,'Владимир',33),(78,'Ковров',33),(79,'Муром',33),(80,'Волгоград',34),(81,'Волжский',34),(82,'Камышин',34),(83,'Иркутск',38),(84,'Братск',38),(85,'Ангарск',38),(86,'Кемерово',42),(87,'Новокузнецк',42),(88,'Прокопьевск',42),(89,'Нижний Новгород',52),(90,'Дзержинск',52),(91,'Арзамас',52),(92,'Самара',63),(93,'Тольятти',63),(94,'Сызрань',63),(95,'Саратов',64),(96,'Энгельс',64),(97,'Балаково',64),(98,'Чебоксары',21),(99,'Новочебоксарск',21),(100,'Новый Уренгой',89),(101,'Ноябрьск',89),(102,'Пермь',59),(103,'Березники',59),(104,'Хабаровск',27),(105,'Комсомольск-на-Амуре',27),(106,'Архангельск',29),(107,'Северодвинск',29),(108,'Белгород',31),(109,'Старый Оскол',31),(110,'Череповец',35),(111,'Вологда',35),(112,'Калуга',40),(113,'Обнинск',40),(114,'Курск',46),(115,'Железногорск',46),(116,'Липецк',48),(117,'Елец',48),(118,'Новосибирск',53),(119,'Бердск',53),(120,'Оренбург',56),(121,'Орск',56),(122,'Томск',70),(123,'Северск',70),(124,'Тула',71),(125,'Новомосковск',71),(126,'Ульяновск',73),(127,'Димитровград',73),(128,'Ярославль',76),(129,'Рыбинск',76),(130,'Майкоп',1),(131,'Улан-Удэ',3),(132,'Назрань',6),(133,'Нальчик',7),(134,'Элиста',8),(135,'Черкесск',9),(136,'Петрозаводск',10),(137,'Сыктывкар',11),(138,'Йошкар-Ола',12),(139,'Саранск',13),(140,'Владикавказ',15),(141,'Кызыл',17),(142,'Ижевск',18),(143,'Абакан',19),(144,'Грозный',95),(145,'Якутск',14),(146,'Чита',75),(147,'Петропавловск-Камчатский',41),(148,'Благовещенск',28),(149,'Астрахань',30),(150,'Брянск',32),(151,'Воронеж',36),(152,'Иваново',37),(153,'Калининград',39),(154,'Киров',43),(155,'Кострома',44),(156,'Курган',45),(157,'Мурманск',51),(158,'Великий Новгород',53),(159,'Омск',55),(160,'Орёл',57),(161,'Пенза',58),(162,'Псков',60),(163,'Рязань',62),(164,'Южно-Сахалинск',65),(165,'Смоленск',67),(166,'Тамбов',68),(167,'Тверь',69),(168,'Тюмень',72),(169,'Москва',77),(170,'Санкт-Петербург',78),(171,'Севастополь',92);
/*!40000 ALTER TABLE `localities` ENABLE KEYS */;
UNLOCK TABLES;

--
-- Table structure for table `person_income_sources`
--

DROP TABLE IF EXISTS `person_income_sources`;
/*!40101 SET @saved_cs_client     = @@character_set_client */;
/*!50503 SET character_set_client = utf8mb4 */;
CREATE TABLE `person_income_sources` (
  `person_income_source_id` int unsigned NOT NULL AUTO_INCREMENT,
  `profile` int unsigned NOT NULL,
  `income_source` smallint unsigned NOT NULL,
  PRIMARY KEY (`person_income_source_id`),
  KEY `profile` (`profile`),
  KEY `income_source` (`income_source`),
  CONSTRAINT `person_income_sources_ibfk_1` FOREIGN KEY (`profile`) REFERENCES `profiles` (`profile_id`),
  CONSTRAINT `person_income_sources_ibfk_2` FOREIGN KEY (`income_source`) REFERENCES `list_income_sources` (`income_source_id`)
) ENGINE=InnoDB AUTO_INCREMENT=50 DEFAULT CHARSET=utf8mb4 COLLATE=utf8mb4_0900_ai_ci COMMENT='Таблица person_income_sources - персона-источники дохода';
/*!40101 SET character_set_client = @saved_cs_client */;

--
-- Dumping data for table `person_income_sources`
--

LOCK TABLES `person_income_sources` WRITE;
/*!40000 ALTER TABLE `person_income_sources` DISABLE KEYS */;
INSERT INTO `person_income_sources` VALUES (1,1,2),(2,2,2),(3,3,14),(4,4,14),(5,5,2),(6,5,8),(7,6,3),(8,6,7),(9,7,4),(10,7,7),(11,8,10),(12,8,3),(13,9,14),(14,10,14),(15,11,3),(16,11,8),(17,11,7),(18,12,3),(19,12,8),(20,12,7),(21,12,12),(22,13,2),(23,14,2),(24,15,14),(25,16,14),(26,17,2),(27,18,2),(28,19,3),(29,19,10),(30,20,14),(31,21,3),(32,21,7),(33,22,2),(34,23,14),(35,24,14),(36,25,3),(37,25,7),(38,26,3),(39,26,6),(40,26,7),(41,27,14),(42,27,13),(43,28,14),(44,29,2),(45,29,12),(46,30,2),(47,30,7),(48,31,14),(49,32,14);
/*!40000 ALTER TABLE `person_income_sources` ENABLE KEYS */;
UNLOCK TABLES;

--
-- Table structure for table `person_languages`
--

DROP TABLE IF EXISTS `person_languages`;
/*!40101 SET @saved_cs_client     = @@character_set_client */;
/*!50503 SET character_set_client = utf8mb4 */;
CREATE TABLE `person_languages` (
  `person_language_id` int unsigned NOT NULL AUTO_INCREMENT,
  `profile` int unsigned NOT NULL,
  `language_other` smallint unsigned NOT NULL,
  PRIMARY KEY (`person_language_id`),
  KEY `profile` (`profile`),
  KEY `language_other` (`language_other`),
  CONSTRAINT `person_languages_ibfk_1` FOREIGN KEY (`profile`) REFERENCES `profiles` (`profile_id`),
  CONSTRAINT `person_languages_ibfk_2` FOREIGN KEY (`language_other`) REFERENCES `list_languages` (`language_id`)
) ENGINE=InnoDB AUTO_INCREMENT=40 DEFAULT CHARSET=utf8mb4 COLLATE=utf8mb4_0900_ai_ci COMMENT='Таблица person_languages - персона-языки';
/*!40101 SET character_set_client = @saved_cs_client */;

--
-- Dumping data for table `person_languages`
--

LOCK TABLES `person_languages` WRITE;
/*!40000 ALTER TABLE `person_languages` DISABLE KEYS */;
INSERT INTO `person_languages` VALUES (1,1,2),(2,2,1),(3,3,1),(4,4,1),(5,5,4),(6,6,2),(7,6,11),(8,7,4),(9,7,2),(10,8,2),(11,9,1),(12,10,1),(13,11,11),(14,12,1),(15,13,1),(16,14,2),(17,14,44),(18,15,1),(19,16,1),(20,17,4),(21,18,3),(22,18,2),(23,19,3),(24,20,3),(25,21,2),(26,22,7),(27,22,2),(28,23,7),(29,24,7),(30,25,4),(31,25,2),(32,25,11),(33,26,2),(34,27,2),(35,28,1),(36,29,2),(37,30,11),(38,31,1),(39,32,1);
/*!40000 ALTER TABLE `person_languages` ENABLE KEYS */;
UNLOCK TABLES;

--
-- Table structure for table `profiles`
--

DROP TABLE IF EXISTS `profiles`;
/*!40101 SET @saved_cs_client     = @@character_set_client */;
/*!50503 SET character_set_client = utf8mb4 */;
CREATE TABLE `profiles` (
  `profile_id` int unsigned NOT NULL AUTO_INCREMENT,
  `xbirthday` date NOT NULL DEFAULT '0000-00-00' /*!80023 INVISIBLE */ COMMENT 'дата рождения',
  `age` smallint unsigned GENERATED ALWAYS AS (timestampdiff(YEAR,`xbirthday`,_utf8mb4'2021-11-15')) STORED,
  `gender` enum('m','f') NOT NULL COMMENT 'пол',
  `education` smallint unsigned NOT NULL COMMENT 'образование',
  `sitizenship` smallint unsigned NOT NULL DEFAULT '1' COMMENT 'гражданство',
  `arrived_from` smallint unsigned NOT NULL DEFAULT '1' COMMENT 'из какой страны прибыл',
  `russian` tinyint(1) NOT NULL DEFAULT '1' COMMENT 'знание русского языка',
  `ethnic_group` smallint unsigned NOT NULL COMMENT 'национальная пренадлежность',
  `employment` smallint unsigned NOT NULL COMMENT 'занятость',
  PRIMARY KEY (`profile_id`),
  UNIQUE KEY `profile_id` (`profile_id`),
  KEY `education` (`education`),
  KEY `sitizenship` (`sitizenship`),
  KEY `arrived_from` (`arrived_from`),
  KEY `ethnic_group` (`ethnic_group`),
  KEY `employment` (`employment`),
  CONSTRAINT `profiles_ibfk_1` FOREIGN KEY (`profile_id`) REFERENCES `db_persons`.`persons` (`person_id`),
  CONSTRAINT `profiles_ibfk_2` FOREIGN KEY (`education`) REFERENCES `educations` (`education_id`),
  CONSTRAINT `profiles_ibfk_3` FOREIGN KEY (`sitizenship`) REFERENCES `countries` (`country_id`),
  CONSTRAINT `profiles_ibfk_4` FOREIGN KEY (`arrived_from`) REFERENCES `countries` (`country_id`),
  CONSTRAINT `profiles_ibfk_5` FOREIGN KEY (`ethnic_group`) REFERENCES `ethnic_groups` (`ethnic_group_id`),
  CONSTRAINT `profiles_ibfk_6` FOREIGN KEY (`employment`) REFERENCES `employments` (`employment_id`)
) ENGINE=InnoDB AUTO_INCREMENT=33 DEFAULT CHARSET=utf8mb4 COLLATE=utf8mb4_0900_ai_ci COMMENT='Таблица profiles';
/*!40101 SET character_set_client = @saved_cs_client */;

--
-- Dumping data for table `profiles`
--

LOCK TABLES `profiles` WRITE;
/*!40000 ALTER TABLE `profiles` DISABLE KEYS */;
INSERT INTO `profiles` (`profile_id`, `xbirthday`, `gender`, `education`, `sitizenship`, `arrived_from`, `russian`, `ethnic_group`, `employment`) VALUES (1,'1982-01-23','m',7,1,1,1,1,1),(2,'1983-08-09','f',6,1,1,1,1,1),(3,'2005-12-06','m',4,1,1,1,1,7),(4,'2014-03-06','f',2,1,1,1,1,7),(5,'1960-09-23','m',5,1,1,1,1,7),(6,'1976-05-05','m',7,1,1,1,1,3),(7,'1978-03-22','f',7,1,1,1,1,5),(8,'1999-02-25','f',6,1,1,1,1,5),(9,'2010-04-04','f',3,1,1,1,1,7),(10,'2014-06-07','m',2,1,1,1,1,7),(11,'1950-01-30','m',7,1,1,1,1,5),(12,'1951-03-08','f',4,1,1,1,1,5),(13,'1985-02-02','m',5,1,1,1,1,1),(14,'1984-07-08','f',7,1,1,1,1,1),(15,'2009-03-09','m',3,1,1,1,1,7),(16,'2012-08-25','m',3,1,1,1,1,7),(17,'1979-05-15','m',6,1,1,1,1,1),(18,'1983-07-07','f',7,1,1,1,2,1),(19,'1999-12-31','m',6,1,1,1,1,4),(20,'2004-04-20','m',4,1,1,1,1,7),(21,'1994-06-16','m',5,1,1,1,1,3),(22,'1995-11-23','f',7,1,1,1,3,1),(23,'2014-04-18','m',2,1,1,1,1,7),(24,'2016-05-24','f',1,1,1,1,1,7),(25,'1968-05-18','f',7,1,1,1,1,2),(26,'1969-12-01','m',7,1,1,1,1,2),(27,'1991-05-27','f',6,1,1,1,1,7),(28,'2011-05-18','f',3,1,1,1,1,7),(29,'1993-10-14','m',7,1,1,1,1,1),(30,'1993-09-25','f',7,1,1,1,1,1),(31,'2012-06-01','f',3,1,1,1,1,7),(32,'2014-05-23','m',2,1,1,1,1,7);
/*!40000 ALTER TABLE `profiles` ENABLE KEYS */;
UNLOCK TABLES;
/*!40103 SET TIME_ZONE=@OLD_TIME_ZONE */;

/*!40101 SET SQL_MODE=@OLD_SQL_MODE */;
/*!40014 SET FOREIGN_KEY_CHECKS=@OLD_FOREIGN_KEY_CHECKS */;
/*!40014 SET UNIQUE_CHECKS=@OLD_UNIQUE_CHECKS */;
/*!40101 SET CHARACTER_SET_CLIENT=@OLD_CHARACTER_SET_CLIENT */;
/*!40101 SET CHARACTER_SET_RESULTS=@OLD_CHARACTER_SET_RESULTS */;
/*!40101 SET COLLATION_CONNECTION=@OLD_COLLATION_CONNECTION */;
/*!40111 SET SQL_NOTES=@OLD_SQL_NOTES */;

-- Dump completed on 2022-03-28 11:32:42
